method,uri,controller,action,middleware_permission,module_gate,controller_check_permissions,classification,notes
GET|HEAD,/api/v1/promotions,App\Modules\Promotion\Presentation\Controllers\PromotionController,index,,,controller:promotions.view,CONTROLLER,
POST,/api/v1/promotions,App\Modules\Promotion\Presentation\Controllers\PromotionController,store,,,formrequest[StorePromotionRequest]:CHECK:promotions.manage,FORMREQUEST,
GET|HEAD,/api/v1/promotions/{id},App\Modules\Promotion\Presentation\Controllers\PromotionController,show,,,controller:promotions.view,CONTROLLER,
PATCH,/api/v1/promotions/{id},App\Modules\Promotion\Presentation\Controllers\PromotionController,update,,,formrequest[UpdatePromotionRequest]:CHECK:promotions.manage,FORMREQUEST,
DELETE,/api/v1/promotions/{id},App\Modules\Promotion\Presentation\Controllers\PromotionController,destroy,,,,AUTH_ONLY,
POST,/api/v1/promotions/{id}/activate,App\Modules\Promotion\Presentation\Controllers\PromotionController,activate,,,,AUTH_ONLY,
POST,/api/v1/promotions/{id}/pause,App\Modules\Promotion\Presentation\Controllers\PromotionController,pause,,,,AUTH_ONLY,
POST,/api/v1/promotions/{id}/archive,App\Modules\Promotion\Presentation\Controllers\PromotionController,archive,,,,AUTH_ONLY,
GET|HEAD,/api/v1/settings/company,App\Modules\Tenant\Presentation\Controllers\CompanySettingsController,show,,,controller:settings.view,CONTROLLER,
PATCH,/api/v1/settings/company,App\Modules\Tenant\Presentation\Controllers\CompanySettingsController,update,settings.update,,controller:settings.fiscal.update | formrequest[UpdateCompanySettingsRequest]:CHECK:settings.update,MIDDLEWARE,also has a secondary controller/FormRequest/service-level check (defense in depth)
POST,/api/v1/settings/company/logo,App\Modules\Tenant\Presentation\Controllers\CompanySettingsController,uploadLogo,settings.update,,formrequest[UploadLogoRequest]:CHECK:settings.update,MIDDLEWARE,also has a secondary controller/FormRequest/service-level check (defense in depth)
DELETE,/api/v1/settings/company/logo,App\Modules\Tenant\Presentation\Controllers\CompanySettingsController,deleteLogo,,,controller:settings.update,CONTROLLER,
GET|HEAD,/api/v1/onboarding/status,App\Modules\Tenant\Presentation\Controllers\OnboardingController,status,settings.view,,,MIDDLEWARE,
GET|HEAD,/api/v1/accounts,App\Modules\Accounting\Presentation\Controllers\AccountController,index,accounts.view,,,MIDDLEWARE,
GET|HEAD,/api/v1/accounts/{account},App\Modules\Accounting\Presentation\Controllers\AccountController,show,accounts.view,,,MIDDLEWARE,
POST,/api/v1/accounts,App\Modules\Accounting\Presentation\Controllers\AccountController,store,accounts.manage,,formrequest[CreateAccountRequest]:OPEN(returns true),MIDDLEWARE,
PATCH,/api/v1/accounts/{account},App\Modules\Accounting\Presentation\Controllers\AccountController,update,accounts.manage,,formrequest[UpdateAccountRequest]:OPEN(returns true),MIDDLEWARE,
GET|HEAD,/api/v1/journal-entries,App\Modules\Accounting\Presentation\Controllers\JournalEntryController,index,journal.view,,,MIDDLEWARE,
GET|HEAD,/api/v1/journal-entries/{journalEntry},App\Modules\Accounting\Presentation\Controllers\JournalEntryController,show,journal.view,,,MIDDLEWARE,
POST,/api/v1/journal-entries,App\Modules\Accounting\Presentation\Controllers\JournalEntryController,store,journal.create,,formrequest[CreateJournalEntryRequest]:OPEN(returns true),MIDDLEWARE,
POST,/api/v1/journal-entries/{journalEntry}/post,App\Modules\Accounting\Presentation\Controllers\JournalEntryController,post,journal.post,,,MIDDLEWARE,
GET|HEAD,/api/v1/companies/{companyId}/accounts/purposes,App\Modules\Accounting\Presentation\Controllers\AccountPurposeController,index,accounts.manage,,,MIDDLEWARE,
GET|HEAD,/api/v1/companies/{companyId}/accounts/purposes/validate,App\Modules\Accounting\Presentation\Controllers\AccountPurposeController,validate,accounts.manage,,,MIDDLEWARE,
PUT,/api/v1/companies/{companyId}/accounts/{accountId}/purpose,App\Modules\Accounting\Presentation\Controllers\AccountPurposeController,assignPurpose,accounts.manage,,,MIDDLEWARE,
DELETE,/api/v1/companies/{companyId}/accounts/{accountId}/purpose,App\Modules\Accounting\Presentation\Controllers\AccountPurposeController,removePurpose,accounts.manage,,,MIDDLEWARE,
GET|HEAD,/api/v1/companies/{companyId}/partners/{partnerId}/balance,App\Modules\Accounting\Presentation\Controllers\PartnerBalanceController,show,accounts.view,,,MIDDLEWARE,
GET|HEAD,/api/v1/companies/{companyId}/partners/{partnerId}/statement,App\Modules\Accounting\Presentation\Controllers\PartnerBalanceController,statement,accounts.view,,,MIDDLEWARE,
POST,/api/v1/companies/{companyId}/partners/{partnerId}/balance/refresh,App\Modules\Accounting\Presentation\Controllers\PartnerBalanceController,refresh,accounts.manage,,,MIDDLEWARE,
POST,/api/v1/companies/{companyId}/partners/balance/refresh-all,App\Modules\Accounting\Presentation\Controllers\PartnerBalanceController,refreshAll,accounts.manage,,,MIDDLEWARE,
GET|HEAD,/api/v1/companies/{companyId}/subledger/receivables,App\Modules\Accounting\Presentation\Controllers\PartnerBalanceController,receivables,accounts.view,,,MIDDLEWARE,
GET|HEAD,/api/v1/companies/{companyId}/subledger/payables,App\Modules\Accounting\Presentation\Controllers\PartnerBalanceController,payables,accounts.view,,,MIDDLEWARE,
GET|HEAD,/api/v1/companies/{companyId}/subledger/reconcile/{purpose},App\Modules\Accounting\Presentation\Controllers\PartnerBalanceController,reconcile,accounts.manage,,,MIDDLEWARE,
GET|HEAD,/api/v1/opening-batches/types,App\Modules\Accounting\Presentation\Controllers\OpeningBalanceBatchController,types,accounts.manage,,,MIDDLEWARE,
GET|HEAD,/api/v1/companies/{companyId}/opening-batches,App\Modules\Accounting\Presentation\Controllers\OpeningBalanceBatchController,index,accounts.manage,,,MIDDLEWARE,
GET|HEAD,/api/v1/companies/{companyId}/opening-batches/status,App\Modules\Accounting\Presentation\Controllers\OpeningBalanceBatchController,status,accounts.manage,,,MIDDLEWARE,
POST,/api/v1/companies/{companyId}/opening-batches,App\Modules\Accounting\Presentation\Controllers\OpeningBalanceBatchController,store,accounts.manage,,,MIDDLEWARE,
GET|HEAD,/api/v1/companies/{companyId}/opening-batches/{batchId},App\Modules\Accounting\Presentation\Controllers\OpeningBalanceBatchController,show,accounts.manage,,,MIDDLEWARE,
DELETE,/api/v1/companies/{companyId}/opening-batches/{batchId},App\Modules\Accounting\Presentation\Controllers\OpeningBalanceBatchController,destroy,accounts.manage,,,MIDDLEWARE,
GET|HEAD,/api/v1/companies/{companyId}/opening-batches/{batchId}/rows,App\Modules\Accounting\Presentation\Controllers\OpeningBalanceBatchController,rows,accounts.manage,,,MIDDLEWARE,
POST,/api/v1/companies/{companyId}/opening-batches/{batchId}/lock,App\Modules\Accounting\Presentation\Controllers\OpeningBalanceBatchController,lock,accounts.manage,,,MIDDLEWARE,
POST,/api/v1/companies/{companyId}/opening-batches/{batchId}/import,App\Modules\Accounting\Presentation\Controllers\OpeningBalanceBatchController,import,accounts.manage,,,MIDDLEWARE,
POST,/api/v1/companies/{companyId}/opening-batches/{batchId}/validate,App\Modules\Accounting\Presentation\Controllers\OpeningBalanceBatchController,validateBatch,accounts.manage,,,MIDDLEWARE,
GET|HEAD,/api/v1/companies/{companyId}/opening-batches/{batchId}/preview,App\Modules\Accounting\Presentation\Controllers\OpeningBalanceBatchController,preview,accounts.manage,,,MIDDLEWARE,
POST,/api/v1/companies/{companyId}/opening-batches/{batchId}/post,App\Modules\Accounting\Presentation\Controllers\OpeningBalanceBatchController,post,accounts.manage,,,MIDDLEWARE,
GET|HEAD,/api/v1/ledger,App\Modules\Accounting\Presentation\Controllers\LedgerController,index,ledger.view,,formrequest[GetLedgerRequest]:OPEN(returns true),MIDDLEWARE,
GET|HEAD,/api/v1/reports/trial-balance,App\Modules\Accounting\Presentation\Controllers\ReportsController,trialBalance,reports.financial,,formrequest[GetTrialBalanceRequest]:OPEN(returns true),MIDDLEWARE,
GET|HEAD,/api/v1/reports/profit-loss,App\Modules\Accounting\Presentation\Controllers\ReportsController,profitLoss,reports.financial,,formrequest[GetProfitLossRequest]:OPEN(returns true),MIDDLEWARE,
GET|HEAD,/api/v1/reports/balance-sheet,App\Modules\Accounting\Presentation\Controllers\ReportsController,balanceSheet,reports.financial,,formrequest[GetBalanceSheetRequest]:OPEN(returns true),MIDDLEWARE,
GET|HEAD,/api/v1/reports/cash-movements,App\Modules\Accounting\Presentation\Controllers\ReportsController,cashMovements,reports.operational,,formrequest[GetCashMovementsRequest]:OPEN(returns true),MIDDLEWARE,
GET|HEAD,/api/v1/reports/aged-receivables,App\Modules\Accounting\Presentation\Controllers\ReportsController,agedReceivables,reports.operational,,formrequest[GetAgedReceivablesRequest]:CHECK(non-permission-string),MIDDLEWARE,also has a secondary controller/FormRequest/service-level check (defense in depth)
GET|HEAD,/api/v1/reports/aged-payables,App\Modules\Accounting\Presentation\Controllers\ReportsController,agedPayables,reports.operational,,formrequest[GetAgedPayablesRequest]:CHECK(non-permission-string),MIDDLEWARE,also has a secondary controller/FormRequest/service-level check (defense in depth)
GET|HEAD,/api/v1/reports/upcoming-payments,App\Modules\Accounting\Presentation\Controllers\ReportsController,upcomingPayments,reports.operational,,formrequest[GetUpcomingPaymentsRequest]:OPEN(returns true),MIDDLEWARE,
GET|HEAD,/api/v1/reports/lane-separation,App\Modules\Accounting\Presentation\Controllers\ReportsController,laneSeparation,reports.financial,,service[InvoicedBeforeDeliveryScanner::scan]:Gate::,MIDDLEWARE,also has a secondary controller/FormRequest/service-level check (defense in depth)
GET|HEAD,/api/v1/reports/finance-summary,App\Modules\Accounting\Presentation\Controllers\ReportsController,financeSummary,reports.financial,,,MIDDLEWARE,
GET|HEAD,/api/v1/reports/sales/by-location,App\Modules\Accounting\Presentation\Controllers\ReportsController,salesByLocation,dashboard.owner,,formrequest[GetOwnerSalesReportRequest]:OPEN(returns true),MIDDLEWARE,
GET|HEAD,/api/v1/reports/sales/top-skus,App\Modules\Accounting\Presentation\Controllers\ReportsController,topSkus,dashboard.owner,,formrequest[GetOwnerSalesReportRequest]:OPEN(returns true),MIDDLEWARE,
GET|HEAD,/api/v1/reports/sales/revenue-by-category,App\Modules\Accounting\Presentation\Controllers\ReportsController,revenueByCategory,dashboard.owner,,formrequest[GetOwnerSalesReportRequest]:OPEN(returns true),MIDDLEWARE,
GET|HEAD,/api/v1/reports/sales/payment-method-breakdown,App\Modules\Accounting\Presentation\Controllers\ReportsController,paymentMethodBreakdown,dashboard.owner,,formrequest[GetOwnerSalesReportRequest]:OPEN(returns true),MIDDLEWARE,
GET|HEAD,/api/v1/reports/stock/alerts,App\Modules\Accounting\Presentation\Controllers\ReportsController,stockAlerts,dashboard.owner,,formrequest[GetOwnerStockAlertsRequest]:OPEN(returns true),MIDDLEWARE,
GET|HEAD,/api/v1/reports/cash-register/reconciliation,App\Modules\Accounting\Presentation\Controllers\ReportsController,cashRegisterReconciliation,dashboard.owner,,formrequest[GetOwnerCashReconciliationRequest]:OPEN(returns true),MIDDLEWARE,
GET|HEAD,/api/v1/reports/sales/summary,App\Modules\Accounting\Presentation\Controllers\ReportsController,salesSummary,dashboard.owner,,formrequest[GetOwnerSalesReportRequest]:OPEN(returns true),MIDDLEWARE,
GET|HEAD,/api/v1/reports/sales/live,App\Modules\Accounting\Presentation\Controllers\ReportsController,liveSales,dashboard.owner,,,MIDDLEWARE,
GET|HEAD,/api/v1/workshop/bundles/applicable,App\Modules\Workshop\Bundle\Presentation\Controllers\BundleApplicableController,index,,Workshop,controller:workshop-bundles.view,CONTROLLER,
GET|HEAD,/api/v1/workshop/bundles,App\Modules\Workshop\Bundle\Presentation\Controllers\BundleController,index,,Workshop,controller:workshop-bundles.view,CONTROLLER,
POST,/api/v1/workshop/bundles,App\Modules\Workshop\Bundle\Presentation\Controllers\BundleController,store,,Workshop,formrequest[StoreBundleRequest]:CHECK:workshop-bundles.manage,FORMREQUEST,
GET|HEAD,/api/v1/workshop/bundles/{id},App\Modules\Workshop\Bundle\Presentation\Controllers\BundleController,show,,Workshop,controller:workshop-bundles.view,CONTROLLER,
PATCH,/api/v1/workshop/bundles/{id},App\Modules\Workshop\Bundle\Presentation\Controllers\BundleController,update,,Workshop,formrequest[UpdateBundleRequest]:CHECK:workshop-bundles.manage,FORMREQUEST,
DELETE,/api/v1/workshop/bundles/{id},App\Modules\Workshop\Bundle\Presentation\Controllers\BundleController,destroy,,Workshop,controller:workshop-bundles.manage,CONTROLLER,
GET|HEAD,/api/v1/workshop/bundles/{id}/expansion,App\Modules\Workshop\Bundle\Presentation\Controllers\BundleExpansionController,show,,Workshop,controller:workshop-bundles.view,CONTROLLER,
POST,/api/v1/workshop/bundles/{id}/components,App\Modules\Workshop\Bundle\Presentation\Controllers\BundleComponentController,store,,Workshop,formrequest[AddComponentRequest]:CHECK:workshop-bundles.manage,FORMREQUEST,
PATCH,/api/v1/workshop/bundles/{id}/components/{componentId},App\Modules\Workshop\Bundle\Presentation\Controllers\BundleComponentController,update,,Workshop,formrequest[PatchComponentRequest]:CHECK:workshop-bundles.manage,FORMREQUEST,
DELETE,/api/v1/workshop/bundles/{id}/components/{componentId},App\Modules\Workshop\Bundle\Presentation\Controllers\BundleComponentController,destroy,,Workshop,controller:workshop-bundles.manage,CONTROLLER,
PUT,/api/v1/workshop/bundles/{id}/vehicle-applicabilities,App\Modules\Workshop\Bundle\Presentation\Controllers\BundleApplicabilityController,replace,,Workshop,formrequest[SetApplicabilitiesRequest]:CHECK:workshop-bundles.manage,FORMREQUEST,
GET|HEAD,/api/v1/workshop/work-orders,App\Modules\Workshop\WorkOrder\Presentation\Controllers\WorkOrderController,index,,Workshop,"controller:work-orders.view,work-orders.view_financials",CONTROLLER,
POST,/api/v1/workshop/work-orders,App\Modules\Workshop\WorkOrder\Presentation\Controllers\WorkOrderController,store,,Workshop,controller:work-orders.view_financials | formrequest[CreateWorkOrderRequest]:CHECK:work-orders.create,CONTROLLER,
GET|HEAD,/api/v1/workshop/work-orders/{id},App\Modules\Workshop\WorkOrder\Presentation\Controllers\WorkOrderController,show,,Workshop,"controller:work-orders.view,work-orders.view_financials",CONTROLLER,
PATCH,/api/v1/workshop/work-orders/{id},App\Modules\Workshop\WorkOrder\Presentation\Controllers\WorkOrderController,update,,Workshop,controller:work-orders.view_financials | formrequest[UpdateWorkOrderRequest]:CHECK:work-orders.update,CONTROLLER,
POST,/api/v1/workshop/work-orders/{id}/lines,App\Modules\Workshop\WorkOrder\Presentation\Controllers\WorkOrderLineController,store,,Workshop,formrequest[AddLineRequest]:CHECK:work-orders.update,FORMREQUEST,
POST,/api/v1/workshop/work-orders/{id}/lines/bundle,App\Modules\Workshop\WorkOrder\Presentation\Controllers\WorkOrderLineController,storeBundle,,Workshop,formrequest[AddBundleRequest]:CHECK:work-orders.update,FORMREQUEST,
PATCH,/api/v1/workshop/work-orders/{id}/lines/{lineId},App\Modules\Workshop\WorkOrder\Presentation\Controllers\WorkOrderLineController,update,,Workshop,formrequest[UpdateLineRequest]:CHECK:work-orders.update,FORMREQUEST,
DELETE,/api/v1/workshop/work-orders/{id}/lines/{lineId},App\Modules\Workshop\WorkOrder\Presentation\Controllers\WorkOrderLineController,destroy,,Workshop,controller:work-orders.update,CONTROLLER,
PUT,/api/v1/workshop/work-orders/{id}/lines/reorder,App\Modules\Workshop\WorkOrder\Presentation\Controllers\WorkOrderLineController,reorder,,Workshop,formrequest[ReorderLinesRequest]:CHECK:work-orders.update,FORMREQUEST,
POST,/api/v1/workshop/work-orders/{id}/assignments,App\Modules\Workshop\WorkOrder\Presentation\Controllers\WorkOrderAssignmentController,store,,Workshop,formrequest[AssignTechnicianRequest]:CHECK:work-orders.assign,FORMREQUEST,
DELETE,/api/v1/workshop/work-orders/{id}/assignments/{assignmentId},App\Modules\Workshop\WorkOrder\Presentation\Controllers\WorkOrderAssignmentController,destroy,,Workshop,controller:work-orders.assign,CONTROLLER,
PUT,/api/v1/workshop/work-orders/{id}/primary-technician,App\Modules\Workshop\WorkOrder\Presentation\Controllers\WorkOrderAssignmentController,setPrimary,,Workshop,formrequest[SetPrimaryTechnicianRequest]:CHECK:work-orders.assign,FORMREQUEST,
POST,/api/v1/workshop/work-orders/{id}/approval,App\Modules\Workshop\WorkOrder\Presentation\Controllers\WorkOrderTransitionController,approve,,Workshop,formrequest[CaptureApprovalRequest]:CHECK:work-orders.approve,FORMREQUEST,
POST,/api/v1/workshop/work-orders/{id}/transition,App\Modules\Workshop\WorkOrder\Presentation\Controllers\WorkOrderTransitionController,transition,,Workshop,formrequest[TransitionRequest]:CHECK:work-orders.transition,FORMREQUEST,
POST,/api/v1/workshop/work-orders/{id}/cancel,App\Modules\Workshop\WorkOrder\Presentation\Controllers\WorkOrderTransitionController,cancel,,Workshop,formrequest[CancelRequest]:CHECK:work-orders.cancel,FORMREQUEST,
POST,/api/v1/workshop/work-orders/{id}/complete,App\Modules\Workshop\WorkOrder\Presentation\Controllers\WorkOrderTransitionController,complete,,Workshop,formrequest[CompleteRequest]:CHECK:work-orders.complete,FORMREQUEST,
GET|HEAD,/api/v1/workshop/technicians,App\Modules\Workshop\Technician\Presentation\Controllers\TechnicianProfileController,index,workshop.technicians.view,Workshop,,MIDDLEWARE,
GET|HEAD,/api/v1/workshop/technicians/available,App\Modules\Workshop\Technician\Presentation\Controllers\TechnicianProfileController,available,workshop.technicians.view,Workshop,,MIDDLEWARE,
GET|HEAD,/api/v1/workshop/technicians/{id},App\Modules\Workshop\Technician\Presentation\Controllers\TechnicianProfileController,show,workshop.technicians.view,Workshop,,MIDDLEWARE,
GET|HEAD,/api/v1/workshop/technicians/{technicianId}/certifications,App\Modules\Workshop\Technician\Presentation\Controllers\TechnicianCertificationController,index,workshop.technicians.view,Workshop,,MIDDLEWARE,
POST,/api/v1/workshop/technicians/{technicianId}/certifications,App\Modules\Workshop\Technician\Presentation\Controllers\TechnicianCertificationController,store,workshop.technicians.manage_certifications,Workshop,formrequest[StoreCertificationRequest]:CHECK:workshop.technicians.manage_certifications,MIDDLEWARE,also has a secondary controller/FormRequest/service-level check (defense in depth)
PATCH,/api/v1/workshop/technicians/{technicianId}/certifications/{certificationId},App\Modules\Workshop\Technician\Presentation\Controllers\TechnicianCertificationController,update,workshop.technicians.manage_certifications,Workshop,formrequest[UpdateCertificationRequest]:CHECK:workshop.technicians.manage_certifications,MIDDLEWARE,also has a secondary controller/FormRequest/service-level check (defense in depth)
DELETE,/api/v1/workshop/technicians/{technicianId}/certifications/{certificationId},App\Modules\Workshop\Technician\Presentation\Controllers\TechnicianCertificationController,destroy,workshop.technicians.manage_certifications,Workshop,,MIDDLEWARE,
GET|HEAD,/api/v1/workshop/technicians/{technicianId}/time-off,App\Modules\Workshop\Technician\Presentation\Controllers\TechnicianTimeOffController,index,,Workshop,controller:workshop.technicians.view,CONTROLLER,
POST,/api/v1/workshop/technicians/{technicianId}/time-off,App\Modules\Workshop\Technician\Presentation\Controllers\TechnicianTimeOffController,store,workshop.technicians.manage_time_off,Workshop,formrequest[StoreTimeOffRequest]:CHECK:workshop.technicians.manage_time_off,MIDDLEWARE,also has a secondary controller/FormRequest/service-level check (defense in depth)
PATCH,/api/v1/workshop/technicians/{technicianId}/time-off/{timeOffId},App\Modules\Workshop\Technician\Presentation\Controllers\TechnicianTimeOffController,update,workshop.technicians.manage_time_off,Workshop,formrequest[UpdateTimeOffRequest]:CHECK:workshop.technicians.manage_time_off,MIDDLEWARE,also has a secondary controller/FormRequest/service-level check (defense in depth)
DELETE,/api/v1/workshop/technicians/{technicianId}/time-off/{timeOffId},App\Modules\Workshop\Technician\Presentation\Controllers\TechnicianTimeOffController,destroy,workshop.technicians.manage_time_off,Workshop,,MIDDLEWARE,
GET|HEAD,/api/v1/workshop/technicians/{technicianId}/time-entries,App\Modules\Workshop\Technician\Presentation\Controllers\TechnicianTimeEntryController,index,workshop.technicians.view,Workshop,,MIDDLEWARE,
POST,/api/v1/workshop/technicians/{technicianId}/time-entries,App\Modules\Workshop\Technician\Presentation\Controllers\TechnicianTimeEntryController,store,,Workshop,controller:workshop.technicians.manage_time_entries | formrequest[StoreTimeEntryRequest]:CHECK(non-permission-string),CONTROLLER,
PATCH,/api/v1/workshop/technicians/{technicianId}/time-entries/{timeEntryId},App\Modules\Workshop\Technician\Presentation\Controllers\TechnicianTimeEntryController,update,workshop.technicians.manage_time_entries,Workshop,formrequest[UpdateTimeEntryRequest]:CHECK:workshop.technicians.manage_time_entries,MIDDLEWARE,also has a secondary controller/FormRequest/service-level check (defense in depth)
DELETE,/api/v1/workshop/technicians/{technicianId}/time-entries/{timeEntryId},App\Modules\Workshop\Technician\Presentation\Controllers\TechnicianTimeEntryController,destroy,workshop.technicians.manage_time_entries,Workshop,,MIDDLEWARE,
GET|HEAD,/api/v1/workshop/payroll-exports,App\Modules\Workshop\Technician\Presentation\Controllers\PayrollExportController,index,workshop.payroll.view,Workshop,,MIDDLEWARE,
POST,/api/v1/workshop/payroll-exports,App\Modules\Workshop\Technician\Presentation\Controllers\PayrollExportController,generate,workshop.payroll.generate,Workshop,formrequest[GeneratePayrollExportRequest]:CHECK:workshop.payroll.generate,MIDDLEWARE,also has a secondary controller/FormRequest/service-level check (defense in depth)
GET|HEAD,/api/v1/expenses,App\Modules\Expense\Presentation\Controllers\ExpenseController,index,expenses.view,,,MIDDLEWARE,
GET|HEAD,/api/v1/expenses/linkable-invoices,App\Modules\Expense\Presentation\Controllers\ExpenseController,linkableInvoices,expenses.create,,,MIDDLEWARE,
GET|HEAD,/api/v1/expenses/linkable-operations,App\Modules\Expense\Presentation\Controllers\ExpenseController,linkableOperations,expenses.create,,,MIDDLEWARE,
GET|HEAD,/api/v1/expenses/analytics,App\Modules\Expense\Presentation\Controllers\ExpenseAnalyticsController,__invoke,expenses.view,,formrequest[ExpenseAnalyticsRequest]:OPEN(returns true),MIDDLEWARE,
GET|HEAD,/api/v1/expenses/export,App\Modules\Expense\Presentation\Controllers\ExpenseExportController,__invoke,expenses.export,,,MIDDLEWARE,
POST,/api/v1/expenses,App\Modules\Expense\Presentation\Controllers\ExpenseController,store,expenses.create,,formrequest[ExpenseRequest]:OPEN(returns true),MIDDLEWARE,
GET|HEAD,/api/v1/expenses/{id},App\Modules\Expense\Presentation\Controllers\ExpenseController,show,,,controller:view,POLICY,
PUT|PATCH,/api/v1/expenses/{id},App\Modules\Expense\Presentation\Controllers\ExpenseController,update,,,controller:update | formrequest[ExpenseRequest]:OPEN(returns true),POLICY,
DELETE,/api/v1/expenses/{id},App\Modules\Expense\Presentation\Controllers\ExpenseController,destroy,,,controller:delete,POLICY,
POST,/api/v1/expenses/{id}/post,App\Modules\Expense\Presentation\Controllers\ExpenseController,post,,,controller:post,POLICY,
POST,/api/v1/expenses/{id}/pay,App\Modules\Expense\Presentation\Controllers\ExpenseController,pay,expenses.pay,,formrequest[PayExpenseRequest]:OPEN(returns true),MIDDLEWARE,
POST,/api/v1/expenses/{id}/reverse,App\Modules\Expense\Presentation\Controllers\ExpenseController,reverse,,,controller:post,POLICY,
GET|HEAD,/api/v1/expense-recurrences,App\Modules\Expense\Presentation\Controllers\ExpenseRecurrenceController,index,expense-recurrences.view,,,MIDDLEWARE,
POST,/api/v1/expense-recurrences,App\Modules\Expense\Presentation\Controllers\ExpenseRecurrenceController,store,expense-recurrences.create,,formrequest[ExpenseRecurrenceRequest]:OPEN(returns true),MIDDLEWARE,
GET|HEAD,/api/v1/expense-recurrences/{id},App\Modules\Expense\Presentation\Controllers\ExpenseRecurrenceController,show,expense-recurrences.view,,,MIDDLEWARE,
PUT,/api/v1/expense-recurrences/{id},App\Modules\Expense\Presentation\Controllers\ExpenseRecurrenceController,update,expense-recurrences.update,,formrequest[ExpenseRecurrenceRequest]:OPEN(returns true),MIDDLEWARE,
DELETE,/api/v1/expense-recurrences/{id},App\Modules\Expense\Presentation\Controllers\ExpenseRecurrenceController,destroy,expense-recurrences.delete,,,MIDDLEWARE,
POST,/api/v1/expense-recurrences/{id}/pause,App\Modules\Expense\Presentation\Controllers\ExpenseRecurrenceController,pause,expense-recurrences.update,,,MIDDLEWARE,
POST,/api/v1/expense-recurrences/{id}/resume,App\Modules\Expense\Presentation\Controllers\ExpenseRecurrenceController,resume,expense-recurrences.update,,,MIDDLEWARE,
GET|HEAD,/api/v1/expense-categories,App\Modules\Expense\Presentation\Controllers\ExpenseCategoryController,index,expense-categories.view,,,MIDDLEWARE,
POST,/api/v1/expense-categories,App\Modules\Expense\Presentation\Controllers\ExpenseCategoryController,store,expense-categories.create,,formrequest[ExpenseCategoryRequest]:OPEN(returns true),MIDDLEWARE,
GET|HEAD,/api/v1/expense-categories/{id},App\Modules\Expense\Presentation\Controllers\ExpenseCategoryController,show,,,controller:view,POLICY,
PUT|PATCH,/api/v1/expense-categories/{id},App\Modules\Expense\Presentation\Controllers\ExpenseCategoryController,update,,,controller:update | formrequest[ExpenseCategoryRequest]:OPEN(returns true),POLICY,
DELETE,/api/v1/expense-categories/{id},App\Modules\Expense\Presentation\Controllers\ExpenseCategoryController,destroy,,,controller:delete,POLICY,
GET|HEAD,/api/v1/contacts,App\Modules\Contact\Presentation\Controllers\ContactController,index,contacts.view,,,MIDDLEWARE,
POST,/api/v1/contacts,App\Modules\Contact\Presentation\Controllers\ContactController,store,contacts.create,,formrequest[CreateContactRequest]:OPEN(returns true),MIDDLEWARE,
GET|HEAD,/api/v1/contacts/{id},App\Modules\Contact\Presentation\Controllers\ContactController,show,contacts.view,,,MIDDLEWARE,
PATCH,/api/v1/contacts/{id},App\Modules\Contact\Presentation\Controllers\ContactController,update,contacts.update,,formrequest[UpdateContactRequest]:OPEN(returns true),MIDDLEWARE,
DELETE,/api/v1/contacts/{id},App\Modules\Contact\Presentation\Controllers\ContactController,destroy,contacts.delete,,,MIDDLEWARE,
POST,/api/v1/contacts/{id}/link-party,App\Modules\Contact\Presentation\Controllers\ContactController,linkParty,contacts.update,,,MIDDLEWARE,
DELETE,/api/v1/contacts/{id}/unlink-party/{partyId},App\Modules\Contact\Presentation\Controllers\ContactController,unlinkParty,contacts.update,,,MIDDLEWARE,
POST,/api/v1/auth/login,App\Modules\Identity\Presentation\Controllers\AuthController,login,,,formrequest[LoginRequest]:OPEN(returns true),PUBLIC,
POST,/api/v1/auth/register,App\Modules\Identity\Presentation\Controllers\AuthController,register,,,formrequest[RegisterRequest]:OPEN(returns true),PUBLIC,
POST,/api/v1/auth/verify-email,App\Modules\Identity\Presentation\Controllers\AuthController,verifyEmail,,,formrequest[VerifyEmailRequest]:OPEN(returns true),PUBLIC,
POST,/api/v1/auth/forgot-password,App\Modules\Identity\Presentation\Controllers\AuthController,forgotPassword,,,formrequest[ForgotPasswordRequest]:OPEN(returns true),PUBLIC,
POST,/api/v1/auth/reset-password,App\Modules\Identity\Presentation\Controllers\AuthController,resetPassword,,,formrequest[ResetPasswordRequest]:OPEN(returns true),PUBLIC,
GET|HEAD,/api/v1/auth/me,App\Modules\Identity\Presentation\Controllers\AuthController,me,,,,AUTH_ONLY,
POST,/api/v1/auth/logout,App\Modules\Identity\Presentation\Controllers\AuthController,logout,,,,AUTH_ONLY,
POST,/api/v1/auth/logout-all,App\Modules\Identity\Presentation\Controllers\AuthController,logoutAll,,,,AUTH_ONLY,
POST,/api/v1/auth/resend-verification,App\Modules\Identity\Presentation\Controllers\AuthController,resendVerification,,,,AUTH_ONLY,
GET|HEAD,/api/v1/user/companies,App\Modules\Identity\Presentation\Controllers\UserController,companies,,,,AUTH_ONLY,
GET|HEAD,/api/v1/roles,App\Modules\Identity\Presentation\Controllers\RoleController,index,,,,AUTH_ONLY,
POST,/api/v1/roles,App\Modules\Identity\Presentation\Controllers\RoleController,store,,,formrequest[StoreRoleRequest]:CHECK:roles.manage,FORMREQUEST,
GET|HEAD,/api/v1/roles/{id},App\Modules\Identity\Presentation\Controllers\RoleController,show,,,,AUTH_ONLY,
PATCH,/api/v1/roles/{id},App\Modules\Identity\Presentation\Controllers\RoleController,update,,,formrequest[UpdateRoleRequest]:CHECK:roles.manage,FORMREQUEST,
DELETE,/api/v1/roles/{id},App\Modules\Identity\Presentation\Controllers\RoleController,destroy,,,formrequest[DeleteRoleRequest]:CHECK:roles.manage,FORMREQUEST,
GET|HEAD,/api/v1/permissions,App\Modules\Identity\Presentation\Controllers\RoleController,permissions,,,,AUTH_ONLY,
GET|HEAD,/api/v1/users,App\Modules\Identity\Presentation\Controllers\UserController,index,,,"controller:users.view,users.manage_location_access",CONTROLLER,
POST,/api/v1/users,App\Modules\Identity\Presentation\Controllers\UserController,store,,,"formrequest[CreateUserRequest]:CHECK:users.create,users.manage_location_access",FORMREQUEST,
GET|HEAD,/api/v1/users/{id},App\Modules\Identity\Presentation\Controllers\UserController,show,,,controller:users.view,CONTROLLER,
PATCH,/api/v1/users/{id},App\Modules\Identity\Presentation\Controllers\UserController,update,,,"formrequest[UpdateUserRequest]:CHECK:users.update,users.manage_location_access",FORMREQUEST,
DELETE,/api/v1/users/{id},App\Modules\Identity\Presentation\Controllers\UserController,destroy,,,controller:users.delete,CONTROLLER,
POST,/api/v1/users/{id}/activate,App\Modules\Identity\Presentation\Controllers\UserController,activate,,,controller:users.update,CONTROLLER,
POST,/api/v1/users/{id}/deactivate,App\Modules\Identity\Presentation\Controllers\UserController,deactivate,,,controller:users.update,CONTROLLER,
POST,/api/v1/users/{id}/reset-password,App\Modules\Identity\Presentation\Controllers\UserController,resetPassword,,,controller:users.update,CONTROLLER,
PATCH,/api/v1/users/{id}/pos-pin,App\Modules\Identity\Presentation\Controllers\UserController,setPosPin,,,controller:users.update,CONTROLLER,
GET|HEAD,/api/v1/users/{userId}/roles,App\Modules\Identity\Presentation\Controllers\RoleController,userRoles,,,,AUTH_ONLY,
POST,/api/v1/users/{userId}/roles,App\Modules\Identity\Presentation\Controllers\RoleController,assignRole,,,formrequest[AssignRoleRequest]:CHECK:users.assign-roles,FORMREQUEST,
DELETE,/api/v1/users/{userId}/roles,App\Modules\Identity\Presentation\Controllers\RoleController,removeRole,,,formrequest[AssignRoleRequest]:CHECK:users.assign-roles,FORMREQUEST,
POST,/api/v1/webhooks/syneriva,App\Modules\PlatformIntegration\Presentation\Controllers\EnrichmentWebhookController,__invoke,,,,PUBLIC,webhook with signature-verification middleware: App\Modules\PlatformIntegration\Infrastructure\Middleware\VerifySynerivaWebhookSignature
POST,/api/v1/platform/barcode-lookup,App\Modules\PlatformIntegration\Presentation\Controllers\BarcodeLookupController,__invoke,,,,AUTH_ONLY,
GET|HEAD,/api/v1/platform/catalog/manufacturers,App\Modules\PlatformIntegration\Presentation\Controllers\CatalogBrowseController,manufacturers,,,,AUTH_ONLY,
GET|HEAD,/api/v1/platform/catalog/manufacturers/{manufacturerId}/model-series,App\Modules\PlatformIntegration\Presentation\Controllers\CatalogBrowseController,modelSeries,,,,AUTH_ONLY,
GET|HEAD,/api/v1/platform/catalog/model-series/{modelSeriesId}/vehicles,App\Modules\PlatformIntegration\Presentation\Controllers\CatalogBrowseController,vehicles,,,,AUTH_ONLY,
GET|HEAD,/api/v1/platform/catalog/vehicles/{vehicleType}/{vehicleId},App\Modules\PlatformIntegration\Presentation\Controllers\CatalogBrowseController,vehicle,,,,AUTH_ONLY,
GET|HEAD,/api/v1/platform/catalog/vehicles/{vehicleType}/{vehicleId}/articles,App\Modules\PlatformIntegration\Presentation\Controllers\CatalogBrowseController,vehicleArticles,,,,AUTH_ONLY,
GET|HEAD,/api/v1/platform/catalog/articles/cross-reference,App\Modules\PlatformIntegration\Presentation\Controllers\CatalogBrowseController,crossReferenceSearch,,,,AUTH_ONLY,
GET|POST|HEAD,/api/v1/platform/catalog/articles/search-by-criteria,App\Modules\PlatformIntegration\Presentation\Controllers\CatalogBrowseController,searchByCriteria,,,,AUTH_ONLY,
GET|HEAD,/api/v1/platform/catalog/articles,App\Modules\PlatformIntegration\Presentation\Controllers\CatalogBrowseController,searchArticles,,,,AUTH_ONLY,
GET|HEAD,/api/v1/platform/catalog/articles/{articleId},App\Modules\PlatformIntegration\Presentation\Controllers\CatalogBrowseController,article,,,,AUTH_ONLY,
GET|HEAD,/api/v1/platform/catalog/articles/{articleId}/linkages,App\Modules\PlatformIntegration\Presentation\Controllers\CatalogBrowseController,articleLinkages,,,,AUTH_ONLY,
GET|HEAD,/api/v1/platform/catalog/criteria,App\Modules\PlatformIntegration\Presentation\Controllers\CatalogBrowseController,criteria,,,,AUTH_ONLY,
GET|HEAD,/api/v1/platform/catalog/suppliers,App\Modules\PlatformIntegration\Presentation\Controllers\CatalogBrowseController,suppliers,,,,AUTH_ONLY,
GET|HEAD,/api/v1/platform/catalog/search-tree/roots,App\Modules\PlatformIntegration\Presentation\Controllers\CatalogBrowseController,searchTreeRoots,,,,AUTH_ONLY,
GET|HEAD,/api/v1/platform/catalog/search-tree/{nodeId}/children,App\Modules\PlatformIntegration\Presentation\Controllers\CatalogBrowseController,searchTreeChildren,,,,AUTH_ONLY,
GET|HEAD,/api/v1/platform/catalog/search-tree/{nodeId}/articles,App\Modules\PlatformIntegration\Presentation\Controllers\CatalogBrowseController,searchTreeArticles,,,,AUTH_ONLY,
POST,/api/v1/platform/vin-decode,App\Modules\PlatformIntegration\Presentation\Controllers\VinDecodeController,decode,,,,AUTH_ONLY,
POST,/api/v1/platform/vin-decode/confirm-match,App\Modules\PlatformIntegration\Presentation\Controllers\VinDecodeController,confirmMatch,,,,AUTH_ONLY,
POST,/api/v1/platform/submit-for-enrichment,App\Modules\PlatformIntegration\Presentation\Controllers\ProductSubmissionController,__invoke,,,controller:enrichment.submit,CONTROLLER,
POST,/api/v1/platform/upload-url,App\Modules\PlatformIntegration\Presentation\Controllers\PhotoUploadUrlController,__invoke,,,controller:enrichment.submit,CONTROLLER,
GET|HEAD,/api/v1/vehicles,App\Modules\Vehicle\Presentation\Controllers\VehicleController,index,vehicles.view,Vehicle,,MIDDLEWARE,
GET|HEAD,/api/v1/vehicles/{vehicle},App\Modules\Vehicle\Presentation\Controllers\VehicleController,show,vehicles.view,Vehicle,,MIDDLEWARE,
POST,/api/v1/vehicles,App\Modules\Vehicle\Presentation\Controllers\VehicleController,store,vehicles.create,Vehicle,formrequest[CreateVehicleRequest]:OPEN(returns true),MIDDLEWARE,
PATCH,/api/v1/vehicles/{vehicle},App\Modules\Vehicle\Presentation\Controllers\VehicleController,update,vehicles.update,Vehicle,formrequest[UpdateVehicleRequest]:OPEN(returns true),MIDDLEWARE,
DELETE,/api/v1/vehicles/{vehicle},App\Modules\Vehicle\Presentation\Controllers\VehicleController,destroy,vehicles.delete,Vehicle,,MIDDLEWARE,
GET|HEAD,/api/v1/vehicles/{vehicle}/ownerships,App\Modules\Vehicle\Presentation\Controllers\VehicleOwnershipController,index,vehicles.view,Vehicle,,MIDDLEWARE,
POST,/api/v1/vehicles/{vehicle}/ownerships,App\Modules\Vehicle\Presentation\Controllers\VehicleOwnershipController,store,vehicles.manage_ownership,Vehicle,formrequest[TransferVehicleOwnershipRequest]:CHECK:vehicles.manage_ownership,MIDDLEWARE,also has a secondary controller/FormRequest/service-level check (defense in depth)
GET|HEAD,/api/v1/vehicles/{vehicle}/mileage,App\Modules\Vehicle\Presentation\Controllers\VehicleMileageController,index,vehicles.view,Vehicle,,MIDDLEWARE,
POST,/api/v1/vehicles/{vehicle}/mileage,App\Modules\Vehicle\Presentation\Controllers\VehicleMileageController,store,vehicles.log_mileage,Vehicle,formrequest[LogVehicleMileageRequest]:CHECK:vehicles.log_mileage,MIDDLEWARE,also has a secondary controller/FormRequest/service-level check (defense in depth)
GET|HEAD,/api/v1/partners/{partner}/vehicles,App\Modules\Vehicle\Presentation\Controllers\PartnerVehiclesController,index,vehicles.view,Vehicle,,MIDDLEWARE,
GET|HEAD,/api/v1/storefront/{company_id}/availability,App\Modules\Scheduling\Presentation\Controllers\StorefrontAvailabilityController,index,,,,PUBLIC,
POST,/api/v1/storefront/{company_id}/appointments,App\Modules\Scheduling\Presentation\Controllers\StorefrontBookingController,store,,,formrequest[BookAppointmentStorefrontRequest]:CHECK(non-permission-string),PUBLIC,
GET|HEAD,/api/v1/scheduling/bays,App\Modules\Scheduling\Presentation\Controllers\BayController,index,,Workshop,controller:scheduling.bays.view,CONTROLLER,
POST,/api/v1/scheduling/bays,App\Modules\Scheduling\Presentation\Controllers\BayController,store,,Workshop,formrequest[StoreBayRequest]:CHECK:scheduling.bays.manage,FORMREQUEST,
GET|HEAD,/api/v1/scheduling/bays/{id},App\Modules\Scheduling\Presentation\Controllers\BayController,show,,Workshop,controller:scheduling.bays.view,CONTROLLER,
PATCH,/api/v1/scheduling/bays/{id},App\Modules\Scheduling\Presentation\Controllers\BayController,update,,Workshop,formrequest[UpdateBayRequest]:CHECK:scheduling.bays.manage,FORMREQUEST,
DELETE,/api/v1/scheduling/bays/{id},App\Modules\Scheduling\Presentation\Controllers\BayController,destroy,,Workshop,controller:scheduling.bays.manage,CONTROLLER,
GET|HEAD,/api/v1/scheduling/config/{locationId},App\Modules\Scheduling\Presentation\Controllers\ScheduleConfigController,show,,Workshop,controller:scheduling.bays.view,CONTROLLER,
PATCH,/api/v1/scheduling/config/{locationId},App\Modules\Scheduling\Presentation\Controllers\ScheduleConfigController,update,,Workshop,formrequest[UpdateScheduleConfigRequest]:CHECK:scheduling.bays.manage,FORMREQUEST,
GET|HEAD,/api/v1/scheduling/appointments,App\Modules\Scheduling\Presentation\Controllers\AppointmentController,index,,Workshop,controller:scheduling.appointments.view,CONTROLLER,
POST,/api/v1/scheduling/appointments,App\Modules\Scheduling\Presentation\Controllers\AppointmentController,store,,Workshop,formrequest[StoreAppointmentRequest]:CHECK:scheduling.appointments.create,FORMREQUEST,
GET|HEAD,/api/v1/scheduling/appointments/{id},App\Modules\Scheduling\Presentation\Controllers\AppointmentController,show,,Workshop,controller:scheduling.appointments.view,CONTROLLER,
PATCH,/api/v1/scheduling/appointments/{id},App\Modules\Scheduling\Presentation\Controllers\AppointmentController,update,,Workshop,formrequest[UpdateAppointmentRequest]:CHECK:scheduling.appointments.update,FORMREQUEST,
DELETE,/api/v1/scheduling/appointments/{id},App\Modules\Scheduling\Presentation\Controllers\AppointmentController,destroy,,Workshop,controller:scheduling.appointments.cancel,CONTROLLER,
POST,/api/v1/scheduling/appointments/{id}/confirm,App\Modules\Scheduling\Presentation\Controllers\AppointmentTransitionController,confirm,,Workshop,controller:scheduling.appointments.update,CONTROLLER,
POST,/api/v1/scheduling/appointments/{id}/reschedule,App\Modules\Scheduling\Presentation\Controllers\AppointmentTransitionController,reschedule,,Workshop,formrequest[RescheduleAppointmentRequest]:CHECK:scheduling.appointments.update,FORMREQUEST,
POST,/api/v1/scheduling/appointments/{id}/check-in,App\Modules\Scheduling\Presentation\Controllers\AppointmentTransitionController,checkIn,,Workshop,formrequest[CheckInAppointmentRequest]:CHECK:scheduling.appointments.update,FORMREQUEST,
POST,/api/v1/scheduling/appointments/{id}/cancel,App\Modules\Scheduling\Presentation\Controllers\AppointmentTransitionController,cancel,,Workshop,formrequest[CancelAppointmentRequest]:CHECK:scheduling.appointments.cancel,FORMREQUEST,
POST,/api/v1/scheduling/appointments/{id}/convert,App\Modules\Scheduling\Presentation\Controllers\AppointmentConversionController,convert,,Workshop,controller:scheduling.appointments.convert,CONTROLLER,
GET|HEAD,/api/v1/scheduling/calendar/day,App\Modules\Scheduling\Presentation\Controllers\CalendarController,day,,Workshop,,AUTH_ONLY,
GET|HEAD,/api/v1/scheduling/calendar/week,App\Modules\Scheduling\Presentation\Controllers\CalendarController,week,,Workshop,,AUTH_ONLY,
GET|HEAD,/api/v1/scheduling/calendar/month,App\Modules\Scheduling\Presentation\Controllers\CalendarController,month,,Workshop,,AUTH_ONLY,
GET|HEAD,/api/v1/scheduling/calendar/free-slots,App\Modules\Scheduling\Presentation\Controllers\CalendarController,freeSlots,,Workshop,,AUTH_ONLY,
POST,/api/v1/pos/sync/fiscal-events,App\Modules\Fiscal\Presentation\Controllers\FiscalEventIngestionController,store,pos.operate_terminal,,formrequest[IngestFiscalEventsRequest]:OPEN(returns true),MIDDLEWARE,
POST,/api/v1/fiscal/quarantine/{id}/best-effort-parse,App\Modules\Fiscal\Presentation\Controllers\QuarantineBestEffortParseController,store,fiscal.events.resolve_quarantine,,,MIDDLEWARE,
POST,/api/v1/fiscal/events/{id}/resolve-parse-failure,App\Modules\Fiscal\Presentation\Controllers\ParseFailureResolutionController,store,fiscal.events.resolve_quarantine,,,MIDDLEWARE,
POST,/api/v1/fiscal/quarantine/{id}/resolve-incident,App\Modules\Fiscal\Presentation\Controllers\QuarantineIncidentResolutionController,store,fiscal.events.resolve_quarantine,,,MIDDLEWARE,
POST,/api/v1/fiscal/refund-compensations,App\Modules\Fiscal\Presentation\Controllers\RefundCompensationController,store,fiscal.refunds.manage_dead_letters,,formrequest[RefundCompensationRequest]:OPEN(returns true),MIDDLEWARE,
GET|HEAD,/api/v1/fiscal/dead-lettered-projections,App\Modules\Fiscal\Presentation\Controllers\DeadLetteredProjectionsController,index,fiscal.refunds.manage_dead_letters,,,MIDDLEWARE,
GET|HEAD,/api/v1/fiscal/dead-lettered-projections/{fiscalEventId},App\Modules\Fiscal\Presentation\Controllers\DeadLetteredProjectionsController,show,fiscal.refunds.manage_dead_letters,,,MIDDLEWARE,
GET|HEAD,/api/v1/batches/expiring,App\Modules\BatchExpiry\Presentation\Controllers\BatchController,expiring,,BatchExpiry,,AUTH_ONLY,
GET|HEAD,/api/v1/batches/expired,App\Modules\BatchExpiry\Presentation\Controllers\BatchController,expired,,BatchExpiry,,AUTH_ONLY,
POST,/api/v1/batches/write-off-grouped,App\Modules\BatchExpiry\Presentation\Controllers\GroupedWriteOffController,writeOffGrouped,batches.write-off,BatchExpiry,formrequest[GroupedWriteOffRequest]:CHECK:batches.write-off,MIDDLEWARE,also has a secondary controller/FormRequest/service-level check (defense in depth)
GET|HEAD,/api/v1/batches,App\Modules\BatchExpiry\Presentation\Controllers\BatchController,index,,BatchExpiry,,AUTH_ONLY,
POST,/api/v1/batches,App\Modules\BatchExpiry\Presentation\Controllers\BatchController,store,,BatchExpiry,formrequest[CreateBatchRequest]:CHECK:batches.create,FORMREQUEST,
GET|HEAD,/api/v1/batches/{uuid},App\Modules\BatchExpiry\Presentation\Controllers\BatchController,show,,BatchExpiry,,AUTH_ONLY,
PATCH,/api/v1/batches/{uuid},App\Modules\BatchExpiry\Presentation\Controllers\BatchController,update,,BatchExpiry,formrequest[UpdateBatchRequest]:CHECK:batches.update,FORMREQUEST,
DELETE,/api/v1/batches/{uuid},App\Modules\BatchExpiry\Presentation\Controllers\BatchController,destroy,,BatchExpiry,,AUTH_ONLY,
POST,/api/v1/batches/{uuid}/recall,App\Modules\BatchExpiry\Presentation\Controllers\BatchController,recall,,BatchExpiry,,AUTH_ONLY,
POST,/api/v1/batches/{uuid}/transfer,App\Modules\BatchExpiry\Presentation\Controllers\BatchController,transfer,,BatchExpiry,formrequest[TransferBatchStockRequest]:CHECK:batches.update,FORMREQUEST,
POST,/api/v1/batches/{uuid}/write-off,App\Modules\BatchExpiry\Presentation\Controllers\BatchController,writeOff,,BatchExpiry,formrequest[WriteOffBatchRequest]:CHECK:batches.write-off,FORMREQUEST,
POST,/api/v1/stock-movements/{movementId}/reverse-write-off,App\Modules\BatchExpiry\Presentation\Controllers\BatchController,reverseWriteOff,batches.write-off,BatchExpiry,formrequest[ReverseWriteOffRequest]:CHECK:batches.write-off,MIDDLEWARE,also has a secondary controller/FormRequest/service-level check (defense in depth)
GET|HEAD,/api/v1/batches/{uuid}/traceability,App\Modules\BatchExpiry\Presentation\Controllers\BatchTraceabilityController,forwardTrace,,BatchExpiry,,AUTH_ONLY,
GET|HEAD,/api/v1/partners/{partnerId}/batch-history,App\Modules\BatchExpiry\Presentation\Controllers\BatchTraceabilityController,backwardTrace,,BatchExpiry,,AUTH_ONLY,
GET|HEAD,/api/v1/batches/{uuid}/stock,App\Modules\BatchExpiry\Presentation\Controllers\BatchController,stock,,BatchExpiry,,AUTH_ONLY,
GET|HEAD,/api/v1/products/{productId}/batch-stock,App\Modules\BatchExpiry\Presentation\Controllers\BatchController,productBatchStock,,BatchExpiry,,AUTH_ONLY,
GET|HEAD,/api/v1/pos/products/{productId}/batches,App\Modules\BatchExpiry\Presentation\Controllers\BatchController,posAvailableBatches,,BatchExpiry,,AUTH_ONLY,
GET|HEAD,/api/v1/notifications,App\Modules\Notification\Presentation\Controllers\NotificationController,index,,,,AUTH_ONLY,
GET|HEAD,/api/v1/notifications/unread-count,App\Modules\Notification\Presentation\Controllers\NotificationController,unreadCount,,,,AUTH_ONLY,
POST,/api/v1/notifications/read-all,App\Modules\Notification\Presentation\Controllers\NotificationController,readAll,,,,AUTH_ONLY,
POST,/api/v1/notifications/{id}/read,App\Modules\Notification\Presentation\Controllers\NotificationController,markRead,,,,AUTH_ONLY,
POST,/api/v1/smart-prompts/recommendations,App\Modules\SmartPrompts\Presentation\Controllers\SmartPromptsController,recommendations,,,,AUTH_ONLY,
GET|HEAD,/api/v1/composite-items,App\Modules\Catalog\Presentation\Controllers\CompositeItemController,index,composite-items.view,CompositeItems,,MIDDLEWARE,
POST,/api/v1/composite-items,App\Modules\Catalog\Presentation\Controllers\CompositeItemController,store,composite-items.create,CompositeItems,formrequest[StoreCompositeItemRequest]:CHECK:composite-items.create,MIDDLEWARE,also has a secondary controller/FormRequest/service-level check (defense in depth)
GET|HEAD,/api/v1/composite-items/{id},App\Modules\Catalog\Presentation\Controllers\CompositeItemController,show,composite-items.view,CompositeItems,,MIDDLEWARE,
PATCH,/api/v1/composite-items/{id},App\Modules\Catalog\Presentation\Controllers\CompositeItemController,update,composite-items.update,CompositeItems,formrequest[UpdateCompositeItemRequest]:CHECK:composite-items.update,MIDDLEWARE,also has a secondary controller/FormRequest/service-level check (defense in depth)
DELETE,/api/v1/composite-items/{id},App\Modules\Catalog\Presentation\Controllers\CompositeItemController,destroy,composite-items.delete,CompositeItems,,MIDDLEWARE,
POST,/api/v1/composite-items/{id}/duplicate,App\Modules\Catalog\Presentation\Controllers\CompositeItemController,duplicate,composite-items.create,CompositeItems,,MIDDLEWARE,
GET|HEAD,/api/v1/composite-items/{id}/availability,App\Modules\Catalog\Presentation\Controllers\CompositeItemController,checkAvailability,composite-items.view,CompositeItems,,MIDDLEWARE,
GET|HEAD,/api/v1/composite-items/{compositeItemId}/recipes,App\Modules\Catalog\Presentation\Controllers\RecipeController,index,composite-items.manage-recipes,CompositeItems,,MIDDLEWARE,
POST,/api/v1/composite-items/{compositeItemId}/recipes,App\Modules\Catalog\Presentation\Controllers\RecipeController,store,composite-items.manage-recipes,CompositeItems,formrequest[StoreRecipeRequest]:CHECK:composite-items.manage-recipes,MIDDLEWARE,also has a secondary controller/FormRequest/service-level check (defense in depth)
GET|HEAD,/api/v1/recipes/{id},App\Modules\Catalog\Presentation\Controllers\RecipeController,show,composite-items.manage-recipes,CompositeItems,,MIDDLEWARE,
PATCH,/api/v1/recipes/{id},App\Modules\Catalog\Presentation\Controllers\RecipeController,update,composite-items.manage-recipes,CompositeItems,formrequest[UpdateRecipeRequest]:CHECK:composite-items.manage-recipes,MIDDLEWARE,also has a secondary controller/FormRequest/service-level check (defense in depth)
POST,/api/v1/recipes/{id}/activate,App\Modules\Catalog\Presentation\Controllers\RecipeController,activate,composite-items.manage-recipes,CompositeItems,,MIDDLEWARE,
POST,/api/v1/recipes/{id}/calculate-cost,App\Modules\Catalog\Presentation\Controllers\RecipeController,calculateCost,composite-items.manage-recipes,CompositeItems,,MIDDLEWARE,
POST,/api/v1/recipes/{recipeId}/lines,App\Modules\Catalog\Presentation\Controllers\RecipeLineController,store,composite-items.manage-recipes,CompositeItems,formrequest[StoreRecipeLineRequest]:CHECK:composite-items.manage-recipes,MIDDLEWARE,also has a secondary controller/FormRequest/service-level check (defense in depth)
PATCH,/api/v1/recipes/{recipeId}/lines/{lineId},App\Modules\Catalog\Presentation\Controllers\RecipeLineController,update,composite-items.manage-recipes,CompositeItems,,MIDDLEWARE,
DELETE,/api/v1/recipes/{recipeId}/lines/{lineId},App\Modules\Catalog\Presentation\Controllers\RecipeLineController,destroy,composite-items.manage-recipes,CompositeItems,,MIDDLEWARE,
GET|HEAD,/api/v1/composite-items/{compositeItemId}/variants,App\Modules\Catalog\Presentation\Controllers\CompositeItemVariantController,index,composite-items.update,CompositeItems,,MIDDLEWARE,
POST,/api/v1/composite-items/{compositeItemId}/variants,App\Modules\Catalog\Presentation\Controllers\CompositeItemVariantController,store,composite-items.update,CompositeItems,formrequest[StoreVariantRequest]:CHECK:composite-items.update,MIDDLEWARE,also has a secondary controller/FormRequest/service-level check (defense in depth)
PATCH,/api/v1/variants/{id},App\Modules\Catalog\Presentation\Controllers\CompositeItemVariantController,update,composite-items.update,CompositeItems,,MIDDLEWARE,
DELETE,/api/v1/variants/{id},App\Modules\Catalog\Presentation\Controllers\CompositeItemVariantController,destroy,composite-items.update,CompositeItems,,MIDDLEWARE,
POST,/api/v1/composite-items/{compositeItemId}/modifier-groups,App\Modules\Catalog\Presentation\Controllers\ModifierGroupController,assignToItem,composite-items.update,CompositeItems,,MIDDLEWARE,
DELETE,/api/v1/composite-items/{compositeItemId}/modifier-groups/{modifierGroupId},App\Modules\Catalog\Presentation\Controllers\ModifierGroupController,removeFromItem,composite-items.update,CompositeItems,,MIDDLEWARE,
GET|HEAD,/api/v1/modifier-groups,App\Modules\Catalog\Presentation\Controllers\ModifierGroupController,index,modifier-groups.view,CompositeItems,,MIDDLEWARE,
POST,/api/v1/modifier-groups,App\Modules\Catalog\Presentation\Controllers\ModifierGroupController,store,modifier-groups.manage,CompositeItems,formrequest[StoreModifierGroupRequest]:CHECK:modifier-groups.manage,MIDDLEWARE,also has a secondary controller/FormRequest/service-level check (defense in depth)
GET|HEAD,/api/v1/modifier-groups/{id},App\Modules\Catalog\Presentation\Controllers\ModifierGroupController,show,modifier-groups.view,CompositeItems,,MIDDLEWARE,
PATCH,/api/v1/modifier-groups/{id},App\Modules\Catalog\Presentation\Controllers\ModifierGroupController,update,modifier-groups.manage,CompositeItems,,MIDDLEWARE,
DELETE,/api/v1/modifier-groups/{id},App\Modules\Catalog\Presentation\Controllers\ModifierGroupController,destroy,modifier-groups.manage,CompositeItems,,MIDDLEWARE,
POST,/api/v1/modifier-groups/{groupId}/modifiers,App\Modules\Catalog\Presentation\Controllers\ModifierController,store,modifier-groups.manage,CompositeItems,formrequest[StoreModifierRequest]:CHECK:modifier-groups.manage,MIDDLEWARE,also has a secondary controller/FormRequest/service-level check (defense in depth)
PATCH,/api/v1/modifiers/{id},App\Modules\Catalog\Presentation\Controllers\ModifierController,update,modifier-groups.manage,CompositeItems,,MIDDLEWARE,
DELETE,/api/v1/modifiers/{id},App\Modules\Catalog\Presentation\Controllers\ModifierController,destroy,modifier-groups.manage,CompositeItems,,MIDDLEWARE,
GET|HEAD,/api/v1/product-attributes,App\Modules\Catalog\Presentation\Controllers\AttributeController,index,catalog.attributes.view,,,MIDDLEWARE,
POST,/api/v1/product-attributes,App\Modules\Catalog\Presentation\Controllers\AttributeController,store,catalog.attributes.create,,formrequest[CreateAttributeRequest]:CHECK:catalog.attributes.create,MIDDLEWARE,also has a secondary controller/FormRequest/service-level check (defense in depth)
DELETE,/api/v1/product-attributes/{attributeId},App\Modules\Catalog\Presentation\Controllers\AttributeController,destroy,catalog.attributes.delete,,,MIDDLEWARE,
GET|HEAD,/api/v1/product-attributes/{attributeId}/values,App\Modules\Catalog\Presentation\Controllers\AttributeController,indexValues,catalog.attributes.view,,,MIDDLEWARE,
POST,/api/v1/product-attributes/{attributeId}/values,App\Modules\Catalog\Presentation\Controllers\AttributeController,storeValue,catalog.attributes.update,,formrequest[AddAttributeValueRequest]:CHECK:catalog.attributes.update,MIDDLEWARE,also has a secondary controller/FormRequest/service-level check (defense in depth)
GET|HEAD,/api/v1/products/{productId}/variants,App\Modules\Catalog\Presentation\Controllers\ProductVariantController,index,catalog.variants.view,,,MIDDLEWARE,
POST,/api/v1/products/{productId}/variants,App\Modules\Catalog\Presentation\Controllers\ProductVariantController,store,catalog.variants.create,,formrequest[CreateVariantRequest]:CHECK:catalog.variants.create,MIDDLEWARE,also has a secondary controller/FormRequest/service-level check (defense in depth)
POST,/api/v1/products/{productId}/variants/generate-matrix,App\Modules\Catalog\Presentation\Controllers\ProductVariantController,generateMatrix,catalog.variants.create,,formrequest[GenerateMatrixRequest]:CHECK:catalog.variants.create,MIDDLEWARE,also has a secondary controller/FormRequest/service-level check (defense in depth)
PATCH,/api/v1/product-variants/{id},App\Modules\Catalog\Presentation\Controllers\ProductVariantController,update,catalog.variants.update,,formrequest[UpdateVariantRequest]:CHECK:catalog.variants.update,MIDDLEWARE,also has a secondary controller/FormRequest/service-level check (defense in depth)
DELETE,/api/v1/product-variants/{id},App\Modules\Catalog\Presentation\Controllers\ProductVariantController,destroy,catalog.variants.delete,,,MIDDLEWARE,
GET|HEAD,/api/v1/labels/formats,App\Modules\Catalog\Presentation\Controllers\VariantLabelController,formats,catalog.labels.print,,,MIDDLEWARE,
POST,/api/v1/labels/variants/prepare,App\Modules\Catalog\Presentation\Controllers\VariantLabelController,prepare,catalog.labels.print,,formrequest[PrepareLabelsRequest]:CHECK:catalog.labels.print,MIDDLEWARE,also has a secondary controller/FormRequest/service-level check (defense in depth)
POST,/api/v1/labels/variants/pdf,App\Modules\Catalog\Presentation\Controllers\VariantLabelController,pdf,catalog.labels.print,,formrequest[GenerateLabelPdfRequest]:CHECK:catalog.labels.print,MIDDLEWARE,also has a secondary controller/FormRequest/service-level check (defense in depth)
GET|HEAD,/api/v1/income,App\Modules\Income\Presentation\Controllers\IncomeController,index,income.view,,,MIDDLEWARE,
POST,/api/v1/income,App\Modules\Income\Presentation\Controllers\IncomeController,store,income.create,,formrequest[IncomeRequest]:OPEN(returns true),MIDDLEWARE,
GET|HEAD,/api/v1/income/{id},App\Modules\Income\Presentation\Controllers\IncomeController,show,income.view,,,MIDDLEWARE,
PUT|PATCH,/api/v1/income/{id},App\Modules\Income\Presentation\Controllers\IncomeController,update,income.update,,formrequest[IncomeRequest]:OPEN(returns true),MIDDLEWARE,
DELETE,/api/v1/income/{id},App\Modules\Income\Presentation\Controllers\IncomeController,destroy,income.delete,,,MIDDLEWARE,
POST,/api/v1/income/{id}/post,App\Modules\Income\Presentation\Controllers\IncomeController,post,income.post,,,MIDDLEWARE,
GET|HEAD,/api/v1/replenishment-requests,App\Modules\Replenishment\Presentation\Controllers\ReplenishmentRequestController,index,replenishment.view,,,MIDDLEWARE,
POST,/api/v1/replenishment-requests,App\Modules\Replenishment\Presentation\Controllers\ReplenishmentRequestController,store,replenishment.create,,formrequest[CaptureReplenishmentRequest]:OPEN(returns true),MIDDLEWARE,
POST,/api/v1/replenishment-requests/actions/create-transfer,App\Modules\Replenishment\Presentation\Controllers\ReplenishmentActionController,createTransfer,replenishment.process,,controller:inventory.transfers.create | formrequest[CreateTransferFromRequestsRequest]:OPEN(returns true),MIDDLEWARE,also has a secondary controller/FormRequest/service-level check (defense in depth)
POST,/api/v1/replenishment-requests/actions/create-po,App\Modules\Replenishment\Presentation\Controllers\ReplenishmentActionController,createPo,replenishment.process,,controller:purchase-orders.create | formrequest[CreatePoFromRequestsRequest]:OPEN(returns true),MIDDLEWARE,also has a secondary controller/FormRequest/service-level check (defense in depth)
POST,/api/v1/replenishment-requests/actions/reject,App\Modules\Replenishment\Presentation\Controllers\ReplenishmentActionController,reject,replenishment.process,,formrequest[RejectRequestsRequest]:OPEN(returns true),MIDDLEWARE,
POST,/api/v1/replenishment-requests/{id}/cancel,App\Modules\Replenishment\Presentation\Controllers\ReplenishmentRequestController,cancel,,,controller:replenishment.process,CONTROLLER,
GET|HEAD,/api/v1/taxation/configurations,App\Modules\Taxation\Presentation\Controllers\TaxConfigurationController,index,,,,AUTH_ONLY,
GET|HEAD,/api/v1/taxation/configurations/capabilities,App\Modules\Taxation\Presentation\Controllers\TaxConfigurationController,capabilities,,,,AUTH_ONLY,
GET|HEAD,/api/v1/taxation/configurations/document-types,App\Modules\Taxation\Presentation\Controllers\TaxConfigurationController,documentTypes,,,,AUTH_ONLY,
POST,/api/v1/taxation/configurations/reorder,App\Modules\Taxation\Presentation\Controllers\TaxConfigurationController,reorder,taxation.tax_configurations.manage,,,MIDDLEWARE,
GET|HEAD,/api/v1/taxation/configurations/{id},App\Modules\Taxation\Presentation\Controllers\TaxConfigurationController,show,,,,AUTH_ONLY,
POST,/api/v1/taxation/configurations,App\Modules\Taxation\Presentation\Controllers\TaxConfigurationController,store,taxation.tax_configurations.manage,,,MIDDLEWARE,
PATCH,/api/v1/taxation/configurations/{id},App\Modules\Taxation\Presentation\Controllers\TaxConfigurationController,update,taxation.tax_configurations.manage,,,MIDDLEWARE,
DELETE,/api/v1/taxation/configurations/{id},App\Modules\Taxation\Presentation\Controllers\TaxConfigurationController,destroy,taxation.tax_configurations.manage,,,MIDDLEWARE,
POST,/api/v1/withholding/preview,App\Modules\Taxation\Presentation\Controllers\WithholdingPreviewController,preview,,,formrequest[CalculateWithholdingRequest]:OPEN(returns true),AUTH_ONLY,FormRequest App\Modules\Taxation\Presentation\Requests\CalculateWithholdingRequest::authorize() returns true unconditionally (no permission check)
GET|HEAD,/api/v1/withholding/rules,App\Modules\Taxation\Presentation\Controllers\WithholdingTaxRuleController,index,taxation.withholding_rules.manage,,,MIDDLEWARE,
GET|HEAD,/api/v1/withholding/rules/{id},App\Modules\Taxation\Presentation\Controllers\WithholdingTaxRuleController,show,taxation.withholding_rules.manage,,,MIDDLEWARE,
POST,/api/v1/withholding/rules,App\Modules\Taxation\Presentation\Controllers\WithholdingTaxRuleController,store,taxation.withholding_rules.manage,,formrequest[CreateWithholdingRuleRequest]:CHECK:taxation.withholding_rules.manage,MIDDLEWARE,also has a secondary controller/FormRequest/service-level check (defense in depth)
PATCH,/api/v1/withholding/rules/{id},App\Modules\Taxation\Presentation\Controllers\WithholdingTaxRuleController,update,taxation.withholding_rules.manage,,formrequest[UpdateWithholdingRuleRequest]:CHECK:taxation.withholding_rules.manage,MIDDLEWARE,also has a secondary controller/FormRequest/service-level check (defense in depth)
POST,/api/v1/withholding/rules/{id}/deactivate,App\Modules\Taxation\Presentation\Controllers\WithholdingTaxRuleController,deactivate,taxation.withholding_rules.manage,,,MIDDLEWARE,
DELETE,/api/v1/withholding/rules/{id},App\Modules\Taxation\Presentation\Controllers\WithholdingTaxRuleController,destroy,taxation.withholding_rules.manage,,,MIDDLEWARE,
GET|HEAD,/api/v1/withholding/certificates,App\Modules\Taxation\Presentation\Controllers\WithholdingCertificateController,index,withholding.view,,,MIDDLEWARE,
GET|HEAD,/api/v1/withholding/certificates/export-tej-batch,App\Modules\Taxation\Presentation\Controllers\WithholdingCertificateController,downloadBatchTEJXML,withholding.view,,,MIDDLEWARE,
GET|HEAD,/api/v1/withholding/certificates/{id},App\Modules\Taxation\Presentation\Controllers\WithholdingCertificateController,show,withholding.view,,,MIDDLEWARE,
POST,/api/v1/withholding/certificates,App\Modules\Taxation\Presentation\Controllers\WithholdingCertificateController,store,withholding.create,,formrequest[CreateWithholdingCertificateRequest]:OPEN(returns true),MIDDLEWARE,
POST,/api/v1/withholding/certificates/{id}/issue,App\Modules\Taxation\Presentation\Controllers\WithholdingCertificateController,issue,withholding.update,,,MIDDLEWARE,
POST,/api/v1/withholding/certificates/{id}/void,App\Modules\Taxation\Presentation\Controllers\WithholdingCertificateController,void,withholding.update,,formrequest[VoidCertificateRequest]:OPEN(returns true),MIDDLEWARE,
POST,/api/v1/withholding/certificates/{id}/submit-tej,App\Modules\Taxation\Presentation\Controllers\WithholdingCertificateController,submitTEJ,withholding.update,,formrequest[SubmitToTEJRequest]:OPEN(returns true),MIDDLEWARE,
GET|HEAD,/api/v1/withholding/certificates/{id}/download-pdf,App\Modules\Taxation\Presentation\Controllers\WithholdingCertificateController,downloadPDF,withholding.view,,,MIDDLEWARE,
GET|HEAD,/api/v1/withholding/certificates/{id}/download-tej-xml,App\Modules\Taxation\Presentation\Controllers\WithholdingCertificateController,downloadTEJXML,withholding.view,,,MIDDLEWARE,
DELETE,/api/v1/withholding/certificates/{id},App\Modules\Taxation\Presentation\Controllers\WithholdingCertificateController,destroy,withholding.delete,,,MIDDLEWARE,
GET|HEAD,/api/v1/sales-withholding,App\Modules\Taxation\Presentation\Controllers\SalesWithholdingTrackingController,index,invoices.view,,,MIDDLEWARE,
GET|HEAD,/api/v1/sales-withholding/{id},App\Modules\Taxation\Presentation\Controllers\SalesWithholdingTrackingController,show,invoices.view,,,MIDDLEWARE,
PATCH,/api/v1/sales-withholding/{id}/certificate-received,App\Modules\Taxation\Presentation\Controllers\SalesWithholdingTrackingController,markCertificateReceived,invoices.update,,formrequest[MarkCertificateReceivedRequest]:CHECK(non-permission-string),MIDDLEWARE,also has a secondary controller/FormRequest/service-level check (defense in depth)
POST,/api/v1/documents/{documentId}/record-withholding,App\Modules\Taxation\Presentation\Controllers\SalesWithholdingTrackingController,recordWithholding,invoices.update,,formrequest[RecordSalesWithholdingRequest]:CHECK(non-permission-string),MIDDLEWARE,also has a secondary controller/FormRequest/service-level check (defense in depth)
GET|HEAD,/api/v1/vat/periods,App\Modules\Taxation\Presentation\Controllers\VatPeriodController,index,reports.financial,,,MIDDLEWARE,
POST,/api/v1/vat/periods/generate,App\Modules\Taxation\Presentation\Controllers\VatPeriodController,generate,reports.manage,,formrequest[GenerateVatPeriodsRequest]:OPEN(returns true),MIDDLEWARE,
GET|HEAD,/api/v1/vat/periods/{id},App\Modules\Taxation\Presentation\Controllers\VatPeriodController,show,reports.financial,,,MIDDLEWARE,
POST,/api/v1/vat/periods/{id}/close,App\Modules\Taxation\Presentation\Controllers\VatPeriodController,close,reports.manage,,,MIDDLEWARE,
POST,/api/v1/vat/periods/{id}/reopen,App\Modules\Taxation\Presentation\Controllers\VatPeriodController,reopen,reports.manage,,,MIDDLEWARE,
POST,/api/v1/vat/periods/{id}/file,App\Modules\Taxation\Presentation\Controllers\VatPeriodController,file,reports.manage,,,MIDDLEWARE,
GET|HEAD,/api/v1/vat/reports/summary,App\Modules\Taxation\Presentation\Controllers\VatReportController,summary,reports.financial,,formrequest[VatReportRequest]:OPEN(returns true),MIDDLEWARE,
GET|HEAD,/api/v1/vat/reports/{periodId}/summary,App\Modules\Taxation\Presentation\Controllers\VatReportController,periodSummary,reports.financial,,,MIDDLEWARE,
GET|HEAD,/api/v1/vat/reports/{periodId}/export-formats,App\Modules\Taxation\Presentation\Controllers\VatReportController,exportFormats,reports.financial,,,MIDDLEWARE,
GET|HEAD,/api/v1/vat/reports/{periodId}/export/{format},App\Modules\Taxation\Presentation\Controllers\VatReportController,export,reports.financial,,,MIDDLEWARE,
POST,/api/v1/documents/auto-save,App\Modules\Document\Presentation\Controllers\DraftController,autoSave,documents.update,,formrequest[AutoSaveDraftRequest]:CHECK(non-permission-string),MIDDLEWARE,also has a secondary controller/FormRequest/service-level check (defense in depth)
GET|HEAD,/api/v1/documents,App\Modules\Document\Presentation\Controllers\DocumentController,indexAll,documents.view,,,MIDDLEWARE,
POST,/api/v1/documents/{document}/revert,App\Modules\Document\Presentation\Controllers\DocumentController,revert,documents.update,,controller:revert,MIDDLEWARE,also has a secondary controller/FormRequest/service-level check (defense in depth)
GET|HEAD,/api/v1/documents/{document},App\Modules\Document\Presentation\Controllers\DocumentController,showAny,documents.view,,,MIDDLEWARE,
GET|HEAD,/api/v1/quotes,App\Modules\Document\Presentation\Controllers\QuoteController,index,quotes.view,,,MIDDLEWARE,
GET|HEAD,/api/v1/quotes/{quote},App\Modules\Document\Presentation\Controllers\QuoteController,show,quotes.view,,,MIDDLEWARE,
POST,/api/v1/quotes,App\Modules\Document\Presentation\Controllers\QuoteController,store,quotes.create,,formrequest[CreateDocumentRequest]:OPEN(returns true),MIDDLEWARE,
PATCH,/api/v1/quotes/{quote},App\Modules\Document\Presentation\Controllers\QuoteController,update,quotes.update,,formrequest[UpdateDocumentRequest]:OPEN(returns true),MIDDLEWARE,
DELETE,/api/v1/quotes/{quote},App\Modules\Document\Presentation\Controllers\QuoteController,destroy,quotes.delete,,,MIDDLEWARE,
POST,/api/v1/quotes/{quote}/confirm,App\Modules\Document\Presentation\Controllers\QuoteController,confirm,quotes.update,,,MIDDLEWARE,
POST,/api/v1/quotes/{quote}/convert-to-order,App\Modules\Document\Presentation\Controllers\DocumentConversionController,convertQuoteToOrder,quotes.convert,,,MIDDLEWARE,
GET|HEAD,/api/v1/quotes/{quote}/check-expiry,App\Modules\Document\Presentation\Controllers\DocumentConversionController,checkQuoteExpiry,quotes.view,,,MIDDLEWARE,
GET|HEAD,/api/v1/orders,App\Modules\Document\Presentation\Controllers\SalesOrderController,index,orders.view,,,MIDDLEWARE,
GET|HEAD,/api/v1/orders/{order},App\Modules\Document\Presentation\Controllers\SalesOrderController,show,orders.view,,,MIDDLEWARE,
POST,/api/v1/orders,App\Modules\Document\Presentation\Controllers\SalesOrderController,store,orders.create,,formrequest[CreateDocumentRequest]:OPEN(returns true),MIDDLEWARE,
PATCH,/api/v1/orders/{order},App\Modules\Document\Presentation\Controllers\SalesOrderController,update,orders.update,,formrequest[UpdateDocumentRequest]:OPEN(returns true),MIDDLEWARE,
DELETE,/api/v1/orders/{order},App\Modules\Document\Presentation\Controllers\SalesOrderController,destroy,orders.delete,,,MIDDLEWARE,
POST,/api/v1/orders/{order}/confirm,App\Modules\Document\Presentation\Controllers\SalesOrderController,confirm,orders.confirm,,,MIDDLEWARE,
POST,/api/v1/orders/{order}/convert-to-invoice,App\Modules\Document\Presentation\Controllers\DocumentConversionController,convertOrderToInvoice,invoices.create,,,MIDDLEWARE,
POST,/api/v1/orders/{order}/convert-to-delivery,App\Modules\Document\Presentation\Controllers\DocumentConversionController,convertOrderToDelivery,deliveries.create,,,MIDDLEWARE,
GET|HEAD,/api/v1/orders/{order}/invoice-status,App\Modules\Document\Presentation\Controllers\DocumentConversionController,checkOrderInvoiceStatus,orders.view,,,MIDDLEWARE,
GET|HEAD,/api/v1/invoices,App\Modules\Document\Presentation\Controllers\InvoiceController,index,invoices.view,,,MIDDLEWARE,
GET|HEAD,/api/v1/invoices/{invoice},App\Modules\Document\Presentation\Controllers\InvoiceController,show,invoices.view,,,MIDDLEWARE,
POST,/api/v1/invoices,App\Modules\Document\Presentation\Controllers\InvoiceController,store,invoices.create,,formrequest[CreateDocumentRequest]:OPEN(returns true),MIDDLEWARE,
PATCH,/api/v1/invoices/{invoice},App\Modules\Document\Presentation\Controllers\InvoiceController,update,invoices.update,,formrequest[UpdateDocumentRequest]:OPEN(returns true),MIDDLEWARE,
DELETE,/api/v1/invoices/{invoice},App\Modules\Document\Presentation\Controllers\InvoiceController,destroy,invoices.delete,,,MIDDLEWARE,
POST,/api/v1/invoices/{invoice}/confirm,App\Modules\Document\Presentation\Controllers\InvoiceController,confirm,invoices.update,,,MIDDLEWARE,
POST,/api/v1/invoices/{invoice}/post,App\Modules\Document\Presentation\Controllers\InvoiceController,post,invoices.post,,,MIDDLEWARE,
POST,/api/v1/invoices/{invoice}/confirm-deliveries-and-post,App\Modules\Document\Presentation\Controllers\InvoiceController,confirmDeliveriesAndPost,invoices.post,,,MIDDLEWARE,
POST,/api/v1/invoices/{invoice}/create-delivery-and-post,App\Modules\Document\Presentation\Controllers\InvoiceController,createDeliveryAndPost,invoices.post,,,MIDDLEWARE,
POST,/api/v1/invoices/{invoice}/close-with-tolerance,App\Modules\Document\Presentation\Controllers\InvoiceController,closeWithTolerance,payments.allocate,,,MIDDLEWARE,
POST,/api/v1/invoices/{id}/create-credit-note,App\Modules\Document\Presentation\Controllers\DocumentConversionController,convertInvoiceToCreditNote,credit-notes.create,,,MIDDLEWARE,
POST,/api/v1/invoices/{invoice}/cancel,App\Modules\Document\Presentation\Controllers\RefundController,cancelInvoice,invoices.cancel,,,MIDDLEWARE,
POST,/api/v1/invoices/{invoice}/credit-full,App\Modules\Document\Presentation\Controllers\RefundController,createFullCreditNote,credit-notes.create,,,MIDDLEWARE,
POST,/api/v1/invoices/{invoice}/credit-partial,App\Modules\Document\Presentation\Controllers\RefundController,createPartialCreditNote,credit-notes.create,,,MIDDLEWARE,
GET|HEAD,/api/v1/invoices/{invoice}/can-cancel,App\Modules\Document\Presentation\Controllers\RefundController,checkCancellable,invoices.view,,,MIDDLEWARE,
GET|HEAD,/api/v1/invoices/{invoice}/can-credit,App\Modules\Document\Presentation\Controllers\RefundController,checkCreditable,invoices.view,,,MIDDLEWARE,
GET|HEAD,/api/v1/invoices/{invoice}/credit-summary,App\Modules\Document\Presentation\Controllers\RefundController,getCreditNoteSummary,invoices.view,,,MIDDLEWARE,
GET|HEAD,/api/v1/credit-notes,App\Modules\Document\Presentation\Controllers\CreditNoteController,index,credit-notes.view,,,MIDDLEWARE,
GET|HEAD,/api/v1/credit-notes/{creditNote},App\Modules\Document\Presentation\Controllers\CreditNoteController,show,credit-notes.view,,,MIDDLEWARE,
POST,/api/v1/credit-notes,App\Modules\Document\Presentation\Controllers\CreditNoteController,store,credit-notes.create,,,MIDDLEWARE,
POST,/api/v1/credit-notes/{id}/confirm,App\Modules\Document\Presentation\Controllers\CreditNoteController,confirm,credit-notes.create,,,MIDDLEWARE,
POST,/api/v1/credit-notes/{id}/post,App\Modules\Document\Presentation\Controllers\CreditNoteController,post,credit-notes.post,,,MIDDLEWARE,
POST,/api/v1/credit-notes/{creditNote}/cancel,App\Modules\Document\Presentation\Controllers\RefundController,cancelCreditNote,credit-notes.cancel,,,MIDDLEWARE,
GET|HEAD,/api/v1/purchase-orders,App\Modules\Document\Presentation\Controllers\PurchaseOrderController,index,purchase-orders.view,,,MIDDLEWARE,
GET|HEAD,/api/v1/purchase-orders/{purchaseOrder},App\Modules\Document\Presentation\Controllers\PurchaseOrderController,show,purchase-orders.view,,,MIDDLEWARE,
GET|HEAD,/api/v1/purchase-orders/{purchaseOrder}/receipt-lines,App\Modules\Document\Presentation\Controllers\PurchaseOrderController,receiptLines,documents.view,,,MIDDLEWARE,
POST,/api/v1/purchase-orders,App\Modules\Document\Presentation\Controllers\PurchaseOrderController,store,purchase-orders.create,,formrequest[CreateDocumentRequest]:OPEN(returns true),MIDDLEWARE,
PATCH,/api/v1/purchase-orders/{purchaseOrder},App\Modules\Document\Presentation\Controllers\PurchaseOrderController,update,purchase-orders.update,,formrequest[UpdateDocumentRequest]:OPEN(returns true),MIDDLEWARE,
DELETE,/api/v1/purchase-orders/{purchaseOrder},App\Modules\Document\Presentation\Controllers\PurchaseOrderController,destroy,purchase-orders.delete,,,MIDDLEWARE,
POST,/api/v1/purchase-orders/{purchaseOrder}/confirm,App\Modules\Document\Presentation\Controllers\PurchaseOrderController,confirm,purchase-orders.confirm,,,MIDDLEWARE,
POST,/api/v1/purchase-orders/{purchaseOrder}/receive,App\Modules\Document\Presentation\Controllers\PurchaseOrderController,receive,purchase-orders.receive,,formrequest[ReceiveGoodsRequest]:OPEN(returns true),MIDDLEWARE,
GET|HEAD,/api/v1/purchase-orders/{purchaseOrder}/receipt-status,App\Modules\Document\Presentation\Controllers\PurchaseOrderController,receiptStatus,purchase-orders.view,,,MIDDLEWARE,
GET|HEAD,/api/v1/delivery-notes,App\Modules\Document\Presentation\Controllers\DeliveryNoteController,index,deliveries.view,,,MIDDLEWARE,
GET|HEAD,/api/v1/delivery-notes/uninvoiced,App\Modules\Document\Presentation\Controllers\DeliveryNoteController,uninvoiced,deliveries.view,Sales,,MIDDLEWARE,
GET|HEAD,/api/v1/delivery-notes/uninvoiced/{partner},App\Modules\Document\Presentation\Controllers\DeliveryNoteController,uninvoicedForPartner,deliveries.view,Sales,,MIDDLEWARE,
GET|HEAD,/api/v1/delivery-notes/{deliveryNote},App\Modules\Document\Presentation\Controllers\DeliveryNoteController,show,deliveries.view,,,MIDDLEWARE,
POST,/api/v1/delivery-notes,App\Modules\Document\Presentation\Controllers\DeliveryNoteController,store,deliveries.create,,formrequest[CreateDocumentRequest]:OPEN(returns true),MIDDLEWARE,
POST,/api/v1/delivery-notes/{deliveryNote}/confirm,App\Modules\Document\Presentation\Controllers\DeliveryNoteController,confirm,deliveries.confirm,,,MIDDLEWARE,
POST,/api/v1/delivery-notes/consolidate-to-invoice,App\Modules\Document\Presentation\Controllers\DocumentConversionController,createInvoiceFromDeliveryNotes,invoices.create,Sales,,MIDDLEWARE,
GET|HEAD,/api/v1/return-notes,App\Modules\Document\Presentation\Controllers\ReturnNoteController,index,deliveries.view,,,MIDDLEWARE,
GET|HEAD,/api/v1/return-notes/{returnNote},App\Modules\Document\Presentation\Controllers\ReturnNoteController,show,deliveries.view,,,MIDDLEWARE,
POST,/api/v1/return-notes,App\Modules\Document\Presentation\Controllers\ReturnNoteController,store,deliveries.create,,formrequest[CreateDocumentRequest]:OPEN(returns true),MIDDLEWARE,
PATCH,/api/v1/return-notes/{returnNote},App\Modules\Document\Presentation\Controllers\ReturnNoteController,update,deliveries.edit,,formrequest[UpdateDocumentRequest]:OPEN(returns true),MIDDLEWARE,
DELETE,/api/v1/return-notes/{returnNote},App\Modules\Document\Presentation\Controllers\ReturnNoteController,destroy,deliveries.delete,,,MIDDLEWARE,
POST,/api/v1/return-notes/{returnNote}/confirm,App\Modules\Document\Presentation\Controllers\ReturnNoteController,confirm,deliveries.confirm,,,MIDDLEWARE,
GET|HEAD,/api/v1/documents/{document}/additional-costs,App\Http\Controllers\Api\DocumentAdditionalCostController,index,documents.view,,,MIDDLEWARE,
POST,/api/v1/documents/{document}/additional-costs,App\Http\Controllers\Api\DocumentAdditionalCostController,store,purchase-orders.update,,,MIDDLEWARE,
PATCH,/api/v1/documents/{document}/additional-costs/{cost},App\Http\Controllers\Api\DocumentAdditionalCostController,update,purchase-orders.update,,,MIDDLEWARE,
DELETE,/api/v1/documents/{document}/additional-costs/{cost},App\Http\Controllers\Api\DocumentAdditionalCostController,destroy,purchase-orders.update,,,MIDDLEWARE,
GET|HEAD,/api/v1/documents/{document}/landed-cost-breakdown,App\Http\Controllers\Api\DocumentAdditionalCostController,landedCostBreakdown,documents.view,,,MIDDLEWARE,
GET|HEAD,/api/v1/documents/{document}/correcting-entries,App\Modules\Document\Presentation\Controllers\CorrectingEntryController,index,documents.correct,,,MIDDLEWARE,
POST,/api/v1/documents/{document}/correcting-entries,App\Modules\Document\Presentation\Controllers\CorrectingEntryController,store,documents.correct,,formrequest[CreateCorrectingEntryRequest]:OPEN(returns true),MIDDLEWARE,
GET|HEAD,/api/v1/correcting-entries/{correctingEntry},App\Modules\Document\Presentation\Controllers\CorrectingEntryController,show,documents.correct,,,MIDDLEWARE,
POST,/api/v1/correcting-entries/{correctingEntry}/confirm,App\Modules\Document\Presentation\Controllers\CorrectingEntryController,confirm,documents.correct,,,MIDDLEWARE,
POST,/api/v1/correcting-entries/{correctingEntry}/post,App\Modules\Document\Presentation\Controllers\CorrectingEntryController,post,documents.correct,,,MIDDLEWARE,
DELETE,/api/v1/correcting-entries/{correctingEntry},App\Modules\Document\Presentation\Controllers\CorrectingEntryController,destroy,documents.correct,,,MIDDLEWARE,
GET|HEAD,/api/v1/documents/{document}/related,App\Modules\Document\Presentation\Controllers\DocumentController,related,documents.view,,,MIDDLEWARE,
GET|HEAD,/api/v1/documents/{document}/tax-breakdown,App\Modules\Document\Presentation\Controllers\DocumentController,taxBreakdown,documents.view,,,MIDDLEWARE,
GET|HEAD,/api/v1/documents/{document}/payments,App\Modules\Document\Presentation\Controllers\DocumentController,payments,documents.view,,,MIDDLEWARE,
GET|HEAD,/api/v1/documents/{document}/credit-allocations,App\Modules\Document\Presentation\Controllers\DocumentController,creditAllocations,documents.view,,,MIDDLEWARE,
GET|HEAD,/api/v1/documents/{document}/pdf,App\Modules\Document\Presentation\Controllers\DocumentPdfController,download,documents.view,,,MIDDLEWARE,
GET|HEAD,/api/v1/documents/{document}/pdf/preview,App\Modules\Document\Presentation\Controllers\DocumentPdfController,preview,documents.view,,,MIDDLEWARE,
POST,/api/v1/documents/{document}/email,App\Modules\Communication\Presentation\Controllers\DocumentEmailController,send,documents.view,,formrequest[SendDocumentEmailRequest]:OPEN(returns true),MIDDLEWARE,
POST,/api/v1/documents/{document}/email/queue,App\Modules\Communication\Presentation\Controllers\DocumentEmailController,queue,documents.view,,formrequest[SendDocumentEmailRequest]:OPEN(returns true),MIDDLEWARE,
GET|HEAD,/api/v1/reports/customer-statement/{partnerId},App\Modules\Document\Presentation\Controllers\ReportsController,customerStatement,reports.operational,,,MIDDLEWARE,
GET|HEAD,/api/v1/reports/overdue-summary,App\Modules\Document\Presentation\Controllers\ReportsController,overdueSummary,reports.operational,,,MIDDLEWARE,
GET|HEAD,/api/v1/loyalty/earn-rate,App\Modules\Loyalty\Presentation\Controllers\LoyaltyEarnRateController,show,loyalty.view,Loyalty,,MIDDLEWARE,
GET|HEAD,/api/v1/loyalty/programs,App\Modules\Loyalty\Presentation\Controllers\LoyaltyProgramController,index,loyalty.manage,Loyalty,,MIDDLEWARE,
GET|HEAD,/api/v1/loyalty/programs/active,App\Modules\Loyalty\Presentation\Controllers\LoyaltyProgramController,active,loyalty.view,Loyalty,,MIDDLEWARE,
GET|HEAD,/api/v1/loyalty/programs/{id},App\Modules\Loyalty\Presentation\Controllers\LoyaltyProgramController,show,loyalty.view,Loyalty,,MIDDLEWARE,
POST,/api/v1/loyalty/programs,App\Modules\Loyalty\Presentation\Controllers\LoyaltyProgramController,store,loyalty.manage,Loyalty,formrequest[CreateProgramRequest]:OPEN(returns true),MIDDLEWARE,
PATCH,/api/v1/loyalty/programs/{id},App\Modules\Loyalty\Presentation\Controllers\LoyaltyProgramController,update,loyalty.manage,Loyalty,formrequest[UpdateProgramRequest]:OPEN(returns true),MIDDLEWARE,
DELETE,/api/v1/loyalty/programs/{id},App\Modules\Loyalty\Presentation\Controllers\LoyaltyProgramController,destroy,loyalty.manage,Loyalty,,MIDDLEWARE,
POST,/api/v1/loyalty/programs/{id}/activate,App\Modules\Loyalty\Presentation\Controllers\LoyaltyProgramController,activate,loyalty.manage,Loyalty,,MIDDLEWARE,
POST,/api/v1/loyalty/programs/{id}/deactivate,App\Modules\Loyalty\Presentation\Controllers\LoyaltyProgramController,deactivate,loyalty.manage,Loyalty,,MIDDLEWARE,
GET|HEAD,/api/v1/loyalty/programs/{programId}/earning-rules,App\Modules\Loyalty\Presentation\Controllers\EarningRuleController,index,loyalty.view,Loyalty,,MIDDLEWARE,
POST,/api/v1/loyalty/programs/{programId}/earning-rules,App\Modules\Loyalty\Presentation\Controllers\EarningRuleController,store,loyalty.manage,Loyalty,formrequest[CreateEarningRuleRequest]:CHECK(non-permission-string),MIDDLEWARE,also has a secondary controller/FormRequest/service-level check (defense in depth)
GET|HEAD,/api/v1/loyalty/programs/{programId}/rewards,App\Modules\Loyalty\Presentation\Controllers\RewardController,index,loyalty.view,Loyalty,,MIDDLEWARE,
POST,/api/v1/loyalty/programs/{programId}/rewards,App\Modules\Loyalty\Presentation\Controllers\RewardController,store,loyalty.manage,Loyalty,formrequest[CreateRewardRequest]:CHECK(non-permission-string),MIDDLEWARE,also has a secondary controller/FormRequest/service-level check (defense in depth)
GET|HEAD,/api/v1/loyalty/programs/{programId}/tiers,App\Modules\Loyalty\Presentation\Controllers\TierController,index,loyalty.view,Loyalty,,MIDDLEWARE,
POST,/api/v1/loyalty/programs/{programId}/tiers,App\Modules\Loyalty\Presentation\Controllers\TierController,store,loyalty.manage,Loyalty,formrequest[CreateTierRequest]:CHECK(non-permission-string),MIDDLEWARE,also has a secondary controller/FormRequest/service-level check (defense in depth)
GET|HEAD,/api/v1/loyalty/programs/{programId}/stamp-cards,App\Modules\Loyalty\Presentation\Controllers\StampCardController,index,loyalty.view,Loyalty,,MIDDLEWARE,
POST,/api/v1/loyalty/programs/{programId}/stamp-cards,App\Modules\Loyalty\Presentation\Controllers\StampCardController,store,loyalty.manage,Loyalty,formrequest[CreateStampCardRequest]:CHECK(non-permission-string),MIDDLEWARE,also has a secondary controller/FormRequest/service-level check (defense in depth)
GET|HEAD,/api/v1/loyalty/earning-rules/{id},App\Modules\Loyalty\Presentation\Controllers\EarningRuleController,show,loyalty.view,Loyalty,,MIDDLEWARE,
PATCH,/api/v1/loyalty/earning-rules/{id},App\Modules\Loyalty\Presentation\Controllers\EarningRuleController,update,loyalty.manage,Loyalty,formrequest[UpdateEarningRuleRequest]:CHECK(non-permission-string),MIDDLEWARE,also has a secondary controller/FormRequest/service-level check (defense in depth)
DELETE,/api/v1/loyalty/earning-rules/{id},App\Modules\Loyalty\Presentation\Controllers\EarningRuleController,destroy,loyalty.manage,Loyalty,,MIDDLEWARE,
POST,/api/v1/loyalty/earning-rules/{id}/activate,App\Modules\Loyalty\Presentation\Controllers\EarningRuleController,activate,loyalty.manage,Loyalty,,MIDDLEWARE,
POST,/api/v1/loyalty/earning-rules/{id}/deactivate,App\Modules\Loyalty\Presentation\Controllers\EarningRuleController,deactivate,loyalty.manage,Loyalty,,MIDDLEWARE,
GET|HEAD,/api/v1/loyalty/rewards/{id},App\Modules\Loyalty\Presentation\Controllers\RewardController,show,loyalty.view,Loyalty,,MIDDLEWARE,
PATCH,/api/v1/loyalty/rewards/{id},App\Modules\Loyalty\Presentation\Controllers\RewardController,update,loyalty.manage,Loyalty,formrequest[UpdateRewardRequest]:CHECK(non-permission-string),MIDDLEWARE,also has a secondary controller/FormRequest/service-level check (defense in depth)
DELETE,/api/v1/loyalty/rewards/{id},App\Modules\Loyalty\Presentation\Controllers\RewardController,destroy,loyalty.manage,Loyalty,,MIDDLEWARE,
POST,/api/v1/loyalty/rewards/{id}/activate,App\Modules\Loyalty\Presentation\Controllers\RewardController,activate,loyalty.manage,Loyalty,,MIDDLEWARE,
POST,/api/v1/loyalty/rewards/{id}/deactivate,App\Modules\Loyalty\Presentation\Controllers\RewardController,deactivate,loyalty.manage,Loyalty,,MIDDLEWARE,
GET|HEAD,/api/v1/loyalty/tiers/{id},App\Modules\Loyalty\Presentation\Controllers\TierController,show,loyalty.view,Loyalty,,MIDDLEWARE,
PATCH,/api/v1/loyalty/tiers/{id},App\Modules\Loyalty\Presentation\Controllers\TierController,update,loyalty.manage,Loyalty,formrequest[UpdateTierRequest]:CHECK(non-permission-string),MIDDLEWARE,also has a secondary controller/FormRequest/service-level check (defense in depth)
DELETE,/api/v1/loyalty/tiers/{id},App\Modules\Loyalty\Presentation\Controllers\TierController,destroy,loyalty.manage,Loyalty,,MIDDLEWARE,
GET|HEAD,/api/v1/loyalty/stamp-cards/{id},App\Modules\Loyalty\Presentation\Controllers\StampCardController,show,loyalty.view,Loyalty,,MIDDLEWARE,
PATCH,/api/v1/loyalty/stamp-cards/{id},App\Modules\Loyalty\Presentation\Controllers\StampCardController,update,loyalty.manage,Loyalty,formrequest[UpdateStampCardRequest]:CHECK(non-permission-string),MIDDLEWARE,also has a secondary controller/FormRequest/service-level check (defense in depth)
DELETE,/api/v1/loyalty/stamp-cards/{id},App\Modules\Loyalty\Presentation\Controllers\StampCardController,destroy,loyalty.manage,Loyalty,,MIDDLEWARE,
POST,/api/v1/loyalty/pos/member-lookup,App\Modules\Loyalty\Presentation\Controllers\LoyaltyPOSController,memberLookup,pos.operate_terminal,Loyalty,,MIDDLEWARE,
POST,/api/v1/loyalty/pos/preview-earning,App\Modules\Loyalty\Presentation\Controllers\LoyaltyPOSController,previewEarning,pos.operate_terminal,Loyalty,,MIDDLEWARE,
GET|HEAD,/api/v1/loyalty/pos/rewards/{enrollmentId},App\Modules\Loyalty\Presentation\Controllers\LoyaltyPOSController,rewards,pos.operate_terminal,Loyalty,,MIDDLEWARE,
POST,/api/v1/loyalty/pos/redeem,App\Modules\Loyalty\Presentation\Controllers\LoyaltyPOSController,redeem,pos.operate_terminal,Loyalty,,MIDDLEWARE,
POST,/api/v1/loyalty/pos/earn,App\Modules\Loyalty\Presentation\Controllers\LoyaltyPOSController,earn,pos.operate_terminal,Loyalty,,MIDDLEWARE,
POST,/api/v1/loyalty/pos/balance,App\Modules\Loyalty\Presentation\Controllers\LoyaltyPOSController,balance,pos.operate_terminal,Loyalty,formrequest[PosBalanceRequest]:CHECK(non-permission-string),MIDDLEWARE,also has a secondary controller/FormRequest/service-level check (defense in depth)
GET|HEAD,/api/v1/loyalty/partners/{partnerId},App\Modules\Loyalty\Presentation\Controllers\LoyaltyPartnerController,show,loyalty.enroll,Loyalty,,MIDDLEWARE,
POST,/api/v1/loyalty/partners/{partnerId}/enroll,App\Modules\Loyalty\Presentation\Controllers\LoyaltyPartnerController,enroll,loyalty.enroll,Loyalty,formrequest[EnrollPartnerRequest]:OPEN(returns true),MIDDLEWARE,
GET|HEAD,/api/v1/loyalty/members,App\Modules\Loyalty\Presentation\Controllers\LoyaltyMemberController,index,loyalty.view,Loyalty,,MIDDLEWARE,
POST,/api/v1/loyalty/members/lookup,App\Modules\Loyalty\Presentation\Controllers\LoyaltyMemberController,lookupByPhone,loyalty.view,Loyalty,,MIDDLEWARE,
GET|HEAD,/api/v1/loyalty/members/{id},App\Modules\Loyalty\Presentation\Controllers\LoyaltyMemberController,show,loyalty.view,Loyalty,,MIDDLEWARE,
POST,/api/v1/loyalty/members,App\Modules\Loyalty\Presentation\Controllers\LoyaltyMemberController,store,loyalty.manage,Loyalty,formrequest[CreateMemberRequest]:OPEN(returns true),MIDDLEWARE,
PATCH,/api/v1/loyalty/members/{id},App\Modules\Loyalty\Presentation\Controllers\LoyaltyMemberController,update,loyalty.manage,Loyalty,formrequest[UpdateMemberRequest]:OPEN(returns true),MIDDLEWARE,
GET|HEAD,/api/v1/loyalty/members/{id}/enrollments,App\Modules\Loyalty\Presentation\Controllers\LoyaltyMemberController,enrollments,loyalty.view,Loyalty,,MIDDLEWARE,
POST,/api/v1/loyalty/members/{id}/enroll,App\Modules\Loyalty\Presentation\Controllers\LoyaltyMemberController,enroll,loyalty.manage,Loyalty,formrequest[EnrollMemberRequest]:OPEN(returns true),MIDDLEWARE,
POST,/api/v1/loyalty/members/{memberId}/enrollments/{enrollmentId}/opt-out,App\Modules\Loyalty\Presentation\Controllers\LoyaltyMemberController,optOut,loyalty.manage,Loyalty,,MIDDLEWARE,
POST,/api/v1/loyalty/members/{memberId}/enrollments/{enrollmentId}/reactivate,App\Modules\Loyalty\Presentation\Controllers\LoyaltyMemberController,reactivate,loyalty.manage,Loyalty,,MIDDLEWARE,
GET|HEAD,/api/v1/loyalty/members/{memberId}/enrollments/{enrollmentId}/transactions,App\Modules\Loyalty\Presentation\Controllers\LoyaltyMemberController,transactions,loyalty.view,Loyalty,,MIDDLEWARE,
POST,/api/v1/loyalty/members/{memberId}/enrollments/{enrollmentId}/adjust,App\Modules\Loyalty\Presentation\Controllers\LoyaltyMemberController,adjust,loyalty.manage,Loyalty,formrequest[AdjustPointsRequest]:OPEN(returns true),MIDDLEWARE,
GET|HEAD,/api/v1/coupons,App\Modules\Coupon\Presentation\Controllers\CouponController,index,,,,AUTH_ONLY,
POST,/api/v1/coupons,App\Modules\Coupon\Presentation\Controllers\CouponController,store,,,formrequest[StoreCouponRequest]:CHECK:coupons.manage,FORMREQUEST,
GET|HEAD,/api/v1/coupons/{id},App\Modules\Coupon\Presentation\Controllers\CouponController,show,,,,AUTH_ONLY,
PATCH,/api/v1/coupons/{id},App\Modules\Coupon\Presentation\Controllers\CouponController,update,,,formrequest[UpdateCouponRequest]:CHECK:coupons.manage,FORMREQUEST,
DELETE,/api/v1/coupons/{id},App\Modules\Coupon\Presentation\Controllers\CouponController,destroy,,,,AUTH_ONLY,
POST,/api/v1/coupons/validate,App\Modules\Coupon\Presentation\Controllers\CouponController,validate,,,formrequest[ValidateCouponRequest]:CHECK:pos.operate_terminal,FORMREQUEST,
POST,/api/v1/coupons/{id}/revoke,App\Modules\Coupon\Presentation\Controllers\CouponController,revoke,,,,AUTH_ONLY,
POST,/api/v1/coupons/{id}/reactivate,App\Modules\Coupon\Presentation\Controllers\CouponController,reactivate,,,,AUTH_ONLY,
GET|HEAD,/api/v1/categories,App\Modules\Product\Presentation\Controllers\CategoryController,index,,,,AUTH_ONLY,
GET|HEAD,/api/v1/categories/tree,App\Modules\Product\Presentation\Controllers\CategoryController,tree,,,,AUTH_ONLY,
POST,/api/v1/categories,App\Modules\Product\Presentation\Controllers\CategoryController,store,,,,AUTH_ONLY,
GET|HEAD,/api/v1/categories/{id},App\Modules\Product\Presentation\Controllers\CategoryController,show,,,,AUTH_ONLY,
PUT,/api/v1/categories/{id},App\Modules\Product\Presentation\Controllers\CategoryController,update,,,,AUTH_ONLY,
DELETE,/api/v1/categories/{id},App\Modules\Product\Presentation\Controllers\CategoryController,destroy,,,,AUTH_ONLY,
POST,/api/v1/categories/reorder,App\Modules\Product\Presentation\Controllers\CategoryController,reorder,,,,AUTH_ONLY,
GET|HEAD,/api/v1/line-entry/resolve-code,App\Modules\Product\Presentation\Controllers\LineEntryController,resolveCode,products.view,Inventory,,MIDDLEWARE,
POST,/api/v1/line-entry/pricing-context/bulk,App\Modules\Product\Presentation\Controllers\LineEntryController,bulkPricingContext,products.view,Inventory,"service[MarginService::canSellAtPrice]:pricing.sell_below_cost,pricing.sell_below_minimum_margin,pricing.sell_below_target_margin",MIDDLEWARE,also has a secondary controller/FormRequest/service-level check (defense in depth)
GET|HEAD,/api/v1/products,App\Modules\Product\Presentation\Controllers\ProductController,index,products.view,Inventory,controller:pricing.view_cost_prices,MIDDLEWARE,also has a secondary controller/FormRequest/service-level check (defense in depth)
GET|HEAD,/api/v1/products/{product},App\Modules\Product\Presentation\Controllers\ProductController,show,products.view,Inventory,controller:pricing.view_cost_prices,MIDDLEWARE,also has a secondary controller/FormRequest/service-level check (defense in depth)
GET|HEAD,/api/v1/products/{product}/stock-levels,App\Modules\Product\Presentation\Controllers\ProductController,stockLevels,products.view,Inventory,,MIDDLEWARE,
POST,/api/v1/products,App\Modules\Product\Presentation\Controllers\ProductController,store,products.create,Inventory,controller:inventory.adjust | formrequest[CreateProductRequest]:OPEN(returns true),MIDDLEWARE,also has a secondary controller/FormRequest/service-level check (defense in depth)
PATCH,/api/v1/products/{product},App\Modules\Product\Presentation\Controllers\ProductController,update,products.update,Inventory,formrequest[UpdateProductRequest]:OPEN(returns true),MIDDLEWARE,
DELETE,/api/v1/products/{product},App\Modules\Product\Presentation\Controllers\ProductController,destroy,products.delete,Inventory,,MIDDLEWARE,
POST,/api/v1/products/{product}/opening,App\Modules\Product\Presentation\Controllers\ProductController,postOpening,inventory.adjust,Inventory,formrequest[PostOpeningBalanceRequest]:OPEN(returns true),MIDDLEWARE,
POST,/api/v1/products/{product}/opening/reset,App\Modules\Product\Presentation\Controllers\ProductController,resetOpening,inventory.adjust,Inventory,,MIDDLEWARE,
GET|HEAD,/api/v1/parapharmacy/ingredients,App\Modules\Product\Presentation\Controllers\IngredientController,index,settings.manage,Inventory; Parapharmacy,,MIDDLEWARE,
GET|HEAD,/api/v1/parapharmacy/ingredients/{id},App\Modules\Product\Presentation\Controllers\IngredientController,show,settings.manage,Inventory; Parapharmacy,,MIDDLEWARE,
POST,/api/v1/parapharmacy/ingredients,App\Modules\Product\Presentation\Controllers\IngredientController,store,settings.manage,Inventory; Parapharmacy,,MIDDLEWARE,
PATCH,/api/v1/parapharmacy/ingredients/{id},App\Modules\Product\Presentation\Controllers\IngredientController,update,settings.manage,Inventory; Parapharmacy,,MIDDLEWARE,
DELETE,/api/v1/parapharmacy/ingredients/{id},App\Modules\Product\Presentation\Controllers\IngredientController,destroy,settings.manage,Inventory; Parapharmacy,,MIDDLEWARE,
GET|HEAD,/api/v1/parapharmacy/certifications,App\Modules\Product\Presentation\Controllers\CertificationController,index,settings.manage,Inventory; Parapharmacy,,MIDDLEWARE,
GET|HEAD,/api/v1/parapharmacy/certifications/{id},App\Modules\Product\Presentation\Controllers\CertificationController,show,settings.manage,Inventory; Parapharmacy,,MIDDLEWARE,
POST,/api/v1/parapharmacy/certifications,App\Modules\Product\Presentation\Controllers\CertificationController,store,settings.manage,Inventory; Parapharmacy,,MIDDLEWARE,
PATCH,/api/v1/parapharmacy/certifications/{id},App\Modules\Product\Presentation\Controllers\CertificationController,update,settings.manage,Inventory; Parapharmacy,,MIDDLEWARE,
DELETE,/api/v1/parapharmacy/certifications/{id},App\Modules\Product\Presentation\Controllers\CertificationController,destroy,settings.manage,Inventory; Parapharmacy,,MIDDLEWARE,
GET|HEAD,/api/v1/parapharmacy/health-claims,App\Modules\Product\Presentation\Controllers\HealthClaimController,index,settings.manage,Inventory; Parapharmacy,,MIDDLEWARE,
GET|HEAD,/api/v1/parapharmacy/health-claims/{id},App\Modules\Product\Presentation\Controllers\HealthClaimController,show,settings.manage,Inventory; Parapharmacy,,MIDDLEWARE,
POST,/api/v1/parapharmacy/health-claims,App\Modules\Product\Presentation\Controllers\HealthClaimController,store,settings.manage,Inventory; Parapharmacy,,MIDDLEWARE,
PATCH,/api/v1/parapharmacy/health-claims/{id},App\Modules\Product\Presentation\Controllers\HealthClaimController,update,settings.manage,Inventory; Parapharmacy,,MIDDLEWARE,
DELETE,/api/v1/parapharmacy/health-claims/{id},App\Modules\Product\Presentation\Controllers\HealthClaimController,destroy,settings.manage,Inventory; Parapharmacy,,MIDDLEWARE,
GET|HEAD,/api/v1/parapharmacy/key-components,App\Modules\Product\Presentation\Controllers\KeyComponentController,index,settings.manage,Inventory; Parapharmacy,,MIDDLEWARE,
GET|HEAD,/api/v1/parapharmacy/key-components/{id},App\Modules\Product\Presentation\Controllers\KeyComponentController,show,settings.manage,Inventory; Parapharmacy,,MIDDLEWARE,
POST,/api/v1/parapharmacy/key-components,App\Modules\Product\Presentation\Controllers\KeyComponentController,store,settings.manage,Inventory; Parapharmacy,,MIDDLEWARE,
PATCH,/api/v1/parapharmacy/key-components/{id},App\Modules\Product\Presentation\Controllers\KeyComponentController,update,settings.manage,Inventory; Parapharmacy,,MIDDLEWARE,
DELETE,/api/v1/parapharmacy/key-components/{id},App\Modules\Product\Presentation\Controllers\KeyComponentController,destroy,settings.manage,Inventory; Parapharmacy,,MIDDLEWARE,
GET|HEAD,/api/v1/enrichment-results,App\Modules\Product\Presentation\Controllers\EnrichmentReviewController,index,enrichment.view,Inventory,controller:enrichment.view,MIDDLEWARE,also has a secondary controller/FormRequest/service-level check (defense in depth)
GET|HEAD,/api/v1/enrichment-results/{id},App\Modules\Product\Presentation\Controllers\EnrichmentReviewController,show,enrichment.view,Inventory,controller:enrichment.view,MIDDLEWARE,also has a secondary controller/FormRequest/service-level check (defense in depth)
POST,/api/v1/products/{productId}/enrichment/refresh,App\Modules\Product\Presentation\Controllers\EnrichmentRefreshController,__invoke,enrichment.view,Inventory,,MIDDLEWARE,
POST,/api/v1/enrichment-results/{id}/accept,App\Modules\Product\Presentation\Controllers\EnrichmentReviewController,accept,enrichment.review,Inventory,controller:enrichment.review | formrequest[AcceptEnrichmentRequest]:OPEN(returns true),MIDDLEWARE,also has a secondary controller/FormRequest/service-level check (defense in depth)
POST,/api/v1/enrichment-results/{id}/reject,App\Modules\Product\Presentation\Controllers\EnrichmentReviewController,reject,enrichment.review,Inventory,controller:enrichment.review | formrequest[RejectEnrichmentRequest]:OPEN(returns true),MIDDLEWARE,also has a secondary controller/FormRequest/service-level check (defense in depth)
GET|HEAD,/api/v1/products/{product}/images,App\Modules\Catalog\Presentation\Controllers\ProductMediaController,index,products.view,Inventory,,MIDDLEWARE,
POST,/api/v1/products/{product}/images,App\Modules\Catalog\Presentation\Controllers\ProductMediaController,store,products.view; products.update,Inventory,,MIDDLEWARE,
PATCH,/api/v1/products/{product}/images/{image},App\Modules\Catalog\Presentation\Controllers\ProductMediaController,update,products.view; products.update,Inventory,formrequest[AttachMediaRequest]:OPEN(returns true),MIDDLEWARE,
DELETE,/api/v1/products/{product}/images/{image},App\Modules\Catalog\Presentation\Controllers\ProductMediaController,destroy,products.view; products.update,Inventory,,MIDDLEWARE,
GET|HEAD,/api/v1/products/{product}/images/{image}/download,App\Modules\Catalog\Presentation\Controllers\ProductMediaController,download,products.view,Inventory,,MIDDLEWARE,
POST,/api/v1/products/{product}/images/reorder,App\Modules\Catalog\Presentation\Controllers\ProductMediaController,reorder,products.view; products.update,Inventory,formrequest[ReorderMediaRequest]:OPEN(returns true),MIDDLEWARE,
GET|HEAD,/api/v1/media/{tenant}/{attachment}/serve,App\Modules\Catalog\Presentation\Controllers\SignedMediaController,serve,,,,PUBLIC,
GET|HEAD,/api/v1/public/products/{product}/images,App\Modules\Catalog\Presentation\Controllers\PublicProductMediaController,index,,,,PUBLIC,
GET|HEAD,/api/v1/public/products/{product}/images/{image},App\Modules\Catalog\Presentation\Controllers\PublicProductMediaController,show,,,,PUBLIC,
GET|HEAD,/api/v1/fraud-settings,App\Modules\Compliance\Presentation\Controllers\FraudSettingsController,show,fraud-settings.view,,,MIDDLEWARE,
PATCH,/api/v1/fraud-settings,App\Modules\Compliance\Presentation\Controllers\FraudSettingsController,update,fraud-settings.update,,controller:pos.configure_cash_count,MIDDLEWARE,also has a secondary controller/FormRequest/service-level check (defense in depth)
POST,/api/v1/fraud-settings/reset,App\Modules\Compliance\Presentation\Controllers\FraudSettingsController,reset,fraud-settings.update,,controller:pos.configure_cash_count,MIDDLEWARE,also has a secondary controller/FormRequest/service-level check (defense in depth)
GET|HEAD,/api/v1/fraud-alerts,App\Modules\Compliance\Presentation\Controllers\FraudAlertController,index,fraud-alerts.view,,,MIDDLEWARE,
GET|HEAD,/api/v1/fraud-alerts/statistics,App\Modules\Compliance\Presentation\Controllers\FraudAlertController,statistics,fraud-alerts.view,,,MIDDLEWARE,
GET|HEAD,/api/v1/fraud-alerts/{alert},App\Modules\Compliance\Presentation\Controllers\FraudAlertController,show,fraud-alerts.view,,,MIDDLEWARE,
POST,/api/v1/fraud-alerts/{alert}/assign,App\Modules\Compliance\Presentation\Controllers\FraudAlertController,assign,fraud-alerts.manage,,,MIDDLEWARE,
POST,/api/v1/fraud-alerts/{alert}/dismiss,App\Modules\Compliance\Presentation\Controllers\FraudAlertController,dismiss,fraud-alerts.manage,,,MIDDLEWARE,
POST,/api/v1/fraud-alerts/{alert}/resolve,App\Modules\Compliance\Presentation\Controllers\FraudAlertController,resolve,fraud-alerts.manage,,,MIDDLEWARE,
POST,/api/v1/compliance/nf525/export-jet,App\Modules\Compliance\Presentation\Controllers\Nf525ExportController,exportJet,compliance.export_jet,,,MIDDLEWARE,
POST,/api/v1/compliance/nf525/verify-chains,App\Modules\Compliance\Presentation\Controllers\Nf525ExportController,verifyChains,compliance.verify_chains,,,MIDDLEWARE,
GET|HEAD,/api/v1/compliance/nf525/reprint-log,App\Modules\Compliance\Presentation\Controllers\Nf525ExportController,reprintLog,compliance.view_reprint_log,,,MIDDLEWARE,
GET|HEAD,/api/v1/partners,App\Modules\Partner\Presentation\Controllers\PartnerController,index,partners.view,,,MIDDLEWARE,
GET|HEAD,/api/v1/partners/{partner},App\Modules\Partner\Presentation\Controllers\PartnerController,show,partners.view,,,MIDDLEWARE,
POST,/api/v1/partners/{partner}/deposits,App\Modules\Partner\Presentation\Controllers\PartnerDepositController,store,payments.create,,formrequest[RecordDepositRequest]:OPEN(returns true),MIDDLEWARE,
GET|HEAD,/api/v1/partners/{partner}/deposits,App\Modules\Partner\Presentation\Controllers\PartnerDepositController,index,payments.view,,,MIDDLEWARE,
POST,/api/v1/partners,App\Modules\Partner\Presentation\Controllers\PartnerController,store,partners.create,,formrequest[CreatePartnerRequest]:OPEN(returns true),MIDDLEWARE,
PATCH,/api/v1/partners/{partner},App\Modules\Partner\Presentation\Controllers\PartnerController,update,partners.update,,formrequest[UpdatePartnerRequest]:OPEN(returns true),MIDDLEWARE,
DELETE,/api/v1/partners/{partner},App\Modules\Partner\Presentation\Controllers\PartnerController,destroy,partners.delete,,,MIDDLEWARE,
POST,/api/v1/partners/{partner}/validate-tax-id,App\Modules\Partner\Presentation\Controllers\PartnerController,validateTaxId,partners.update,,,MIDDLEWARE,
GET|HEAD,/api/v1/partners/{partner}/tax-status,App\Modules\Partner\Presentation\Controllers\PartnerController,taxStatus,partners.view,,,MIDDLEWARE,
GET|HEAD,/api/v1/partners/{partner}/contacts,App\Modules\Partner\Presentation\Controllers\PartnerController,contacts,partners.view,,,MIDDLEWARE,
POST,/api/v1/webhooks/channels/{channelId},App\Modules\Channel\Presentation\Controllers\ChannelWebhookController,__invoke,,,,PUBLIC,webhook route with NO signature-verification middleware visible at the route/group level (may be checked inside the controller — not scanned by this permission-focused sweep)
GET|HEAD,/api/v1/channels,App\Modules\Channel\Presentation\Controllers\ChannelController,index,,Ecommerce,,AUTH_ONLY,
POST,/api/v1/channels,App\Modules\Channel\Presentation\Controllers\ChannelController,store,,Ecommerce,,AUTH_ONLY,
GET|HEAD,/api/v1/channels/orders,App\Modules\Channel\Presentation\Controllers\ChannelOrderController,indexAll,,Ecommerce,,AUTH_ONLY,
POST,/api/v1/channels/{id}/test-connection,App\Modules\Channel\Presentation\Controllers\ChannelController,testConnection,,Ecommerce,,AUTH_ONLY,
POST,/api/v1/channels/{id}/resync,App\Modules\Channel\Presentation\Controllers\ChannelController,resync,,Ecommerce,,AUTH_ONLY,
GET|HEAD,/api/v1/channels/{id}/sync-operations,App\Modules\Channel\Presentation\Controllers\ChannelSyncOperationController,index,,Ecommerce,,AUTH_ONLY,
GET|HEAD,/api/v1/channels/{id}/orders,App\Modules\Channel\Presentation\Controllers\ChannelOrderController,index,,Ecommerce,,AUTH_ONLY,
POST,/api/v1/channels/{channelId}/orders/{orderId}/promote,App\Modules\Channel\Presentation\Controllers\ChannelOrderController,promote,,Ecommerce,,AUTH_ONLY,
POST,/api/v1/channels/{channelId}/products/{productId}/publish,App\Modules\Channel\Presentation\Controllers\ChannelProductController,publish,,Ecommerce,,AUTH_ONLY,
POST,/api/v1/channels/{channelId}/products/{productId}/unpublish,App\Modules\Channel\Presentation\Controllers\ChannelProductController,unpublish,,Ecommerce,,AUTH_ONLY,
GET|HEAD,/api/v1/dashboard/stats,App\Modules\Dashboard\Presentation\Controllers\DashboardController,stats,,,,AUTH_ONLY,
POST,/api/v1/pos/held-orders,App\Modules\POS\Presentation\Controllers\HeldOrderController,store,pos_held_orders.create,,formrequest[HoldOrderRequest]:CHECK(non-permission-string),MIDDLEWARE,also has a secondary controller/FormRequest/service-level check (defense in depth)
GET|HEAD,/api/v1/pos/held-orders,App\Modules\POS\Presentation\Controllers\HeldOrderController,index,pos_held_orders.view,,,MIDDLEWARE,
GET|HEAD,/api/v1/pos/held-orders/{id},App\Modules\POS\Presentation\Controllers\HeldOrderController,show,pos_held_orders.view,,,MIDDLEWARE,
POST,/api/v1/pos/held-orders/{id}/recall,App\Modules\POS\Presentation\Controllers\HeldOrderController,recall,pos_held_orders.create,,,MIDDLEWARE,
DELETE,/api/v1/pos/held-orders/{id},App\Modules\POS\Presentation\Controllers\HeldOrderController,destroy,pos_held_orders.delete,,,MIDDLEWARE,
GET|HEAD,/api/v1/pos/floors,App\Modules\POS\Presentation\Controllers\TableController,indexFloors,,Tables,controller:pos.manage_tables,CONTROLLER,
POST,/api/v1/pos/floors,App\Modules\POS\Presentation\Controllers\TableController,storeFloor,,Tables,controller:pos.manage_tables | formrequest[CreateFloorRequest]:OPEN(returns true),CONTROLLER,
PATCH,/api/v1/pos/floors/{id},App\Modules\POS\Presentation\Controllers\TableController,updateFloor,,Tables,controller:pos.manage_tables | formrequest[UpdateFloorRequest]:OPEN(returns true),CONTROLLER,
DELETE,/api/v1/pos/floors/{id},App\Modules\POS\Presentation\Controllers\TableController,destroyFloor,,Tables,controller:pos.manage_tables,CONTROLLER,
GET|HEAD,/api/v1/pos/tables,App\Modules\POS\Presentation\Controllers\TableController,indexTables,,Tables,controller:pos.operate_terminal,CONTROLLER,
POST,/api/v1/pos/tables,App\Modules\POS\Presentation\Controllers\TableController,storeTable,,Tables,controller:pos.manage_tables | formrequest[CreateTableRequest]:OPEN(returns true),CONTROLLER,
PATCH,/api/v1/pos/tables/{id},App\Modules\POS\Presentation\Controllers\TableController,updateTable,,Tables,controller:pos.manage_tables | formrequest[UpdateTableRequest]:OPEN(returns true),CONTROLLER,
DELETE,/api/v1/pos/tables/{id},App\Modules\POS\Presentation\Controllers\TableController,destroyTable,,Tables,controller:pos.manage_tables,CONTROLLER,
POST,/api/v1/pos/tables/{id}/release,App\Modules\POS\Presentation\Controllers\TableController,releaseTable,,Tables,controller:pos.operate_terminal,CONTROLLER,
POST,/api/v1/pos/tables/{id}/status,App\Modules\POS\Presentation\Controllers\TableController,setStatus,,Tables,controller:pos.operate_terminal | formrequest[SetTableStatusRequest]:OPEN(returns true),CONTROLLER,
POST,/api/v1/pos/auth/verify-pin,App\Modules\POS\Presentation\Controllers\PosAuthController,verifyPin,,,controller:pos.operate_terminal | formrequest[VerifyPinRequest]:OPEN(returns true) | service[DiscountPermissionResolver::isAdmin]:hasRole(),CONTROLLER,
POST,/api/v1/pos/auth/setup-pin,App\Modules\POS\Presentation\Controllers\PosAuthController,setupPin,,,controller:pos.operate_terminal | service[DiscountPermissionResolver::isAdmin]:hasRole(),CONTROLLER,
GET|HEAD,/api/v1/pos/auth/has-pins,App\Modules\POS\Presentation\Controllers\PosAuthController,hasPins,,,controller:pos.operate_terminal,CONTROLLER,
GET|HEAD,/api/v1/pos/auth/pin-data,App\Modules\POS\Presentation\Controllers\PosAuthController,pinData,,,controller:pos.operate_terminal | service[DiscountPermissionResolver::isAdmin]:hasRole(),CONTROLLER,
POST,/api/v1/pos/auth/sync-pins,App\Modules\POS\Presentation\Controllers\PosAuthController,syncPins,,,controller:pos.operate_terminal,CONTROLLER,
POST,/api/v1/pos/audit-events/sync,App\Modules\POS\Presentation\Controllers\AuditEventSyncController,sync,,,controller:pos.audit_sync,CONTROLLER,
GET|HEAD,/api/v1/pos/terminals,App\Modules\POS\Presentation\Controllers\TerminalController,index,,,controller:pos.manage_terminals,CONTROLLER,
GET|HEAD,/api/v1/pos/terminals/available,App\Modules\POS\Presentation\Controllers\TerminalController,available,,,controller:pos.operate_terminal,CONTROLLER,
POST,/api/v1/pos/terminals/claim,App\Modules\POS\Presentation\Controllers\TerminalController,claim,,,controller:pos.operate_terminal | formrequest[ClaimTerminalRequest]:OPEN(returns true),CONTROLLER,
POST,/api/v1/pos/terminals/request,App\Modules\POS\Presentation\Controllers\TerminalController,requestTerminal,,,controller:pos.operate_terminal | formrequest[RequestTerminalRequest]:OPEN(returns true),CONTROLLER,
POST,/api/v1/pos/terminals/web,App\Modules\POS\Presentation\Controllers\TerminalController,getOrCreateWebTerminal,,,controller:pos.operate_terminal,CONTROLLER,
GET|HEAD,/api/v1/pos/terminals/by-device/{hardwareIdentifier},App\Modules\POS\Presentation\Controllers\TerminalController,findByDevice,,,controller:pos.operate_terminal,CONTROLLER,
POST,/api/v1/pos/terminals,App\Modules\POS\Presentation\Controllers\TerminalController,store,,,controller:pos.manage_terminals | formrequest[CreateTerminalRequest]:OPEN(returns true),CONTROLLER,
GET|HEAD,/api/v1/pos/terminals/{id},App\Modules\POS\Presentation\Controllers\TerminalController,show,,,,CONTROLLER,
PATCH,/api/v1/pos/terminals/{id},App\Modules\POS\Presentation\Controllers\TerminalController,update,,,controller:pos.manage_terminals | formrequest[UpdateTerminalRequest]:OPEN(returns true),CONTROLLER,
DELETE,/api/v1/pos/terminals/{id},App\Modules\POS\Presentation\Controllers\TerminalController,destroy,,,controller:pos.manage_terminals,CONTROLLER,
PATCH,/api/v1/pos/terminals/{id}/activate,App\Modules\POS\Presentation\Controllers\TerminalController,activate,,,controller:pos.manage_terminals,CONTROLLER,
PATCH,/api/v1/pos/terminals/{id}/deactivate,App\Modules\POS\Presentation\Controllers\TerminalController,deactivate,,,controller:pos.manage_terminals,CONTROLLER,
POST,/api/v1/pos/terminals/{id}/release,App\Modules\POS\Presentation\Controllers\TerminalController,release,,,controller:pos.manage_terminals | formrequest[ReleaseTerminalRequest]:OPEN(returns true),CONTROLLER,
PATCH,/api/v1/pos/terminals/{id}/archive,App\Modules\POS\Presentation\Controllers\TerminalController,archive,,,controller:pos.manage_terminals,CONTROLLER,
POST,/api/v1/pos/terminals/{id}/toggle-training,App\Modules\POS\Presentation\Controllers\TerminalController,toggleTrainingMode,,,controller:pos.manage_terminals,CONTROLLER,
GET|HEAD,/api/v1/pos/terminals/{id}/z-chain-state,App\Modules\POS\Presentation\Controllers\TerminalController,zChainState,,,,CONTROLLER,
POST,/api/v1/pos/terminals/{terminal}/fiscal-schema-cutover,App\Modules\POS\Presentation\Controllers\FiscalSchemaCutoverController,__invoke,,,controller:pos.fiscal_schema_cutover,CONTROLLER,
POST,/api/v1/pos/terminals/{id}/acknowledge-v4-refund-authoring,App\Modules\POS\Presentation\Controllers\V4RefundAuthoringAcknowledgementController,__invoke,,,,CONTROLLER,
POST,/api/v1/pos/shifts/open,App\Modules\POS\Presentation\Controllers\ShiftController,open,,,controller:pos.manage_shifts | formrequest[OpenShiftRequest]:CHECK(non-permission-string),CONTROLLER,
POST,/api/v1/pos/shifts/{id}/close,App\Modules\POS\Presentation\Controllers\ShiftController,close,,,controller:pos.manage_shifts | formrequest[CloseShiftRequest]:CHECK(non-permission-string),CONTROLLER,
POST,/api/v1/pos/cash-drawer/deposit,App\Modules\POS\Presentation\Controllers\CashDrawerController,deposit,,,controller:pos.operate_terminal | formrequest[RecordDepositRequest]:CHECK(non-permission-string),CONTROLLER,
POST,/api/v1/pos/cash-drawer/payout,App\Modules\POS\Presentation\Controllers\CashDrawerController,payout,,,controller:pos.operate_terminal | formrequest[RecordPayoutRequest]:CHECK(non-permission-string),CONTROLLER,
POST,/api/v1/pos/reports/x,App\Modules\POS\Presentation\Controllers\ReportController,generateXReport,,,controller:pos.view_reports,CONTROLLER,
POST,/api/v1/pos/reports/z,App\Modules\POS\Presentation\Controllers\ReportController,generateZReport,,,controller:pos.generate_z_report | formrequest[GenerateZReportRequest]:CHECK:pos.generate_z_report,CONTROLLER,
GET|HEAD,/api/v1/pos/shifts/current/{terminalCode},App\Modules\POS\Presentation\Controllers\ShiftController,current,,,controller:pos.operate_terminal,CONTROLLER,
GET|HEAD,/api/v1/pos/shifts/{id},App\Modules\POS\Presentation\Controllers\ShiftController,show,,,controller:pos.operate_terminal,CONTROLLER,
GET|HEAD,/api/v1/pos/shifts,App\Modules\POS\Presentation\Controllers\ShiftController,index,,,controller:pos.operate_terminal,CONTROLLER,
GET|HEAD,/api/v1/pos/cash-drawer/{shiftId}/operations,App\Modules\POS\Presentation\Controllers\CashDrawerController,operations,,,controller:pos.operate_terminal,CONTROLLER,
GET|HEAD,/api/v1/pos/cash-drawer/{shiftId}/balance,App\Modules\POS\Presentation\Controllers\CashDrawerController,balance,,,controller:pos.operate_terminal,CONTROLLER,
POST,/api/v1/pos/reports/z/sync,App\Modules\POS\Presentation\Controllers\ZReportSyncController,sync,,,controller:pos.operate_terminal,CONTROLLER,
GET|HEAD,/api/v1/pos/reports/z/{zNumber},App\Modules\POS\Presentation\Controllers\ReportController,showZReport,,,controller:pos.view_reports,CONTROLLER,
GET|HEAD,/api/v1/pos/reports/z/{zNumber}/pdf,App\Modules\POS\Presentation\Controllers\ReportController,downloadPdf,,,controller:pos.view_reports,CONTROLLER,
GET|HEAD,/api/v1/pos/reports/z,App\Modules\POS\Presentation\Controllers\ReportController,listZReports,,,controller:pos.view_reports,CONTROLLER,
POST,/api/v1/pos/reports/z/verify-chain,App\Modules\POS\Presentation\Controllers\ReportController,verifyZReportChain,,,controller:pos.view_reports,CONTROLLER,
POST,/api/v1/pos/reports/receipts/verify-chain,App\Modules\POS\Presentation\Controllers\ReportController,verifyReceiptChain,,,controller:pos.view_reports,CONTROLLER,
POST,/api/v1/pos/shifts/{id}/sync-close,App\Modules\POS\Presentation\Controllers\SyncController,syncCloseShift,,,controller:pos.manage_shifts | formrequest[SyncShiftCloseRequest]:CHECK(non-permission-string),CONTROLLER,
GET|HEAD,/api/v1/pos/stock-levels,App\Modules\POS\Presentation\Controllers\PosStockLevelController,index,,,controller:pos.operate_terminal,CONTROLLER,
GET|HEAD,/api/v1/pos/variants,App\Modules\POS\Presentation\Controllers\PosVariantController,index,,,controller:pos.operate_terminal,CONTROLLER,
GET|HEAD,/api/v1/pos/products/{product}/stock-distribution,App\Modules\POS\Presentation\Controllers\StockDistributionController,show,,,controller:pos.view_cross_location_stock,CONTROLLER,
GET|HEAD,/api/v1/pos/vouchers/sync,App\Modules\POS\Presentation\Controllers\VoucherSyncController,pullVouchers,,,controller:pos.operate_terminal,CONTROLLER,
GET|HEAD,/api/v1/pos/voucher-ledger/sync,App\Modules\POS\Presentation\Controllers\VoucherSyncController,pullVoucherLedger,,,controller:pos.operate_terminal,CONTROLLER,
POST,/api/v1/pos/voucher-ledger/sync,App\Modules\POS\Presentation\Controllers\VoucherSyncController,pushVoucherLedger,,,controller:pos.operate_terminal | formrequest[VoucherLedgerSyncRequest]:CHECK(non-permission-string),CONTROLLER,
GET|HEAD,/api/v1/pos/receipts/qr-index,App\Modules\POS\Presentation\Controllers\VoucherSyncController,pullReceiptQrIndex,,,controller:pos.operate_terminal,CONTROLLER,
GET|HEAD,/api/v1/pos/customers/sync,App\Modules\POS\Presentation\Controllers\PosCustomerSyncController,index,,,controller:pos.operate_terminal,CONTROLLER,
POST,/api/v1/pos/customers/pending,App\Modules\POS\Presentation\Controllers\PosPendingCustomerController,store,,,controller:pos.operate_terminal,CONTROLLER,
POST,/api/v1/pos/replenishment-requests,App\Modules\POS\Presentation\Controllers\PosReplenishmentController,store,,,controller:pos.operate_terminal,CONTROLLER,
GET|HEAD,/api/v1/pos/replenishment-requests,App\Modules\POS\Presentation\Controllers\PosReplenishmentController,index,,,controller:pos.operate_terminal,CONTROLLER,
GET|HEAD,/api/v1/pos/receipts/filter-options,App\Modules\POS\Presentation\Controllers\ReceiptFilterOptionsController,__invoke,,,controller:pos.view_receipts | formrequest[ReceiptFilterOptionsRequest]:OPEN(returns true),CONTROLLER,
GET|HEAD,/api/v1/pos/receipts,App\Modules\POS\Presentation\Controllers\ReceiptController,index,,,controller:pos.view_receipts | formrequest[IndexReceiptsRequest]:OPEN(returns true),CONTROLLER,
POST,/api/v1/pos/receipts,(closure),,,,,AUTH_ONLY,Closure route; tombstone returns HTTP 410 unconditionally (no DB mutation) per fiscal Phase 1 retirement / DPA V9 D3 ruling
GET|HEAD,/api/v1/pos/receipts/{id},App\Modules\POS\Presentation\Controllers\ReceiptController,show,,,controller:pos.view_receipts,CONTROLLER,
POST,/api/v1/pos/receipts/{id}/void,(closure),,,,,AUTH_ONLY,Closure route; tombstone returns HTTP 410 unconditionally (no DB mutation) per fiscal Phase 1 retirement / DPA V9 D3 ruling
POST,/api/v1/pos/receipts/{id}/return,App\Modules\POS\Presentation\Controllers\ReceiptController,processReturn,,,controller:pos.process_returns | formrequest[StoreReturnRequest]:CHECK(non-permission-string),CONTROLLER,
POST,/api/v1/pos/receipts/{id}/payments,(closure),,,,,AUTH_ONLY,Closure route; tombstone returns HTTP 410 unconditionally (no DB mutation) per fiscal Phase 1 retirement / DPA V9 D3 ruling
GET|HEAD,/api/v1/pos/receipts/{id}/pdf,App\Modules\POS\Presentation\Controllers\ReceiptController,streamPdf,,,controller:pos.view_receipts,CONTROLLER,
GET|HEAD,/api/v1/pos/receipts/{id}/pdf/download,App\Modules\POS\Presentation\Controllers\ReceiptController,downloadPdf,,,controller:pos.view_receipts,CONTROLLER,
GET|HEAD,/api/v1/pos/shifts/{id}/receipts,App\Modules\POS\Presentation\Controllers\ShiftController,receipts,,,controller:pos.operate_terminal,CONTROLLER,
GET|HEAD,/api/v1/pos/shifts/{id}/tolerance-receipts,App\Modules\POS\Presentation\Controllers\ShiftToleranceController,index,,,controller:pos.operate_terminal,CONTROLLER,
GET|HEAD,/api/v1/pos/discount-permissions,App\Modules\POS\Presentation\Controllers\DiscountController,getPermissions,,,,AUTH_ONLY,
POST,/api/v1/pos/cart/preview-discounts,App\Modules\POS\Presentation\Controllers\DiscountController,previewDiscounts,,,,AUTH_ONLY,
POST,/api/v1/pos/verify-manager-pin,App\Modules\POS\Presentation\Controllers\ManagerPinController,verify,,,formrequest[VerifyManagerPinRequest]:CHECK(non-permission-string) | service[PinVerifier::verifyForApproval]:hasPermissionTo(),FORMREQUEST,
GET|HEAD,/api/v1/pos/fraud-settings,App\Modules\POS\Presentation\Controllers\FraudSettingsPosController,show,,,,AUTH_ONLY,
GET|HEAD,/api/v1/pos/payment-policy,App\Modules\POS\Presentation\Controllers\PosPaymentPolicyController,show,,,,AUTH_ONLY,
GET|HEAD,/api/v1/pos/authorized-managers,App\Modules\POS\Presentation\Controllers\AuthorizedManagersController,index,,,,AUTH_ONLY,
GET|HEAD,/api/v1/pos/customer-history-searches,App\Modules\POS\Presentation\Controllers\CustomerHistorySearchAuditController,index,pos.search_customer_full_history,,,MIDDLEWARE,
GET|HEAD,/api/v1/pos/analytics/summary,App\Modules\POS\Presentation\Controllers\AnalyticsController,summary,,,controller:pos.view_reports | formrequest[AnalyticsRequest]:OPEN(returns true),CONTROLLER,
GET|HEAD,/api/v1/pos/analytics/sales-by-category,App\Modules\POS\Presentation\Controllers\AnalyticsController,salesByCategory,,,controller:pos.view_reports | formrequest[AnalyticsRequest]:OPEN(returns true),CONTROLLER,
GET|HEAD,/api/v1/pos/analytics/sales-by-product,App\Modules\POS\Presentation\Controllers\AnalyticsController,salesByProduct,,,controller:pos.view_reports | formrequest[AnalyticsRequest]:OPEN(returns true),CONTROLLER,
GET|HEAD,/api/v1/pos/analytics/sales-by-period,App\Modules\POS\Presentation\Controllers\AnalyticsController,salesByPeriod,,,controller:pos.view_reports | formrequest[AnalyticsRequest]:OPEN(returns true),CONTROLLER,
GET|HEAD,/api/v1/pos/analytics/cashiers,App\Modules\POS\Presentation\Controllers\AnalyticsController,cashiers,,,controller:pos.view_reports | formrequest[AnalyticsRequest]:OPEN(returns true),CONTROLLER,
GET|HEAD,/api/v1/pos/analytics/discounts,App\Modules\POS\Presentation\Controllers\AnalyticsController,discounts,,,controller:pos.view_reports | formrequest[AnalyticsRequest]:OPEN(returns true),CONTROLLER,
GET|HEAD,/api/v1/pos/analytics/customers,App\Modules\POS\Presentation\Controllers\AnalyticsController,customers,,,controller:pos.view_reports | formrequest[AnalyticsRequest]:OPEN(returns true),CONTROLLER,
GET|HEAD,/api/v1/pos/analytics/fnb,App\Modules\POS\Presentation\Controllers\AnalyticsController,fnb,,,controller:pos.view_reports | formrequest[AnalyticsRequest]:OPEN(returns true),CONTROLLER,
GET|HEAD,/api/v1/pos/kitchen/orders,App\Modules\POS\Presentation\Controllers\KitchenDisplayController,index,,Menu,controller:pos.operate_terminal,CONTROLLER,
PATCH,/api/v1/pos/kitchen/orders/{orderId}/lines/{lineId}/status,App\Modules\POS\Presentation\Controllers\KitchenDisplayController,updateLineStatus,,Menu,controller:pos.operate_terminal | formrequest[UpdateLineStatusRequest]:OPEN(returns true),CONTROLLER,
POST,/api/v1/pos/kitchen/orders/{orderId}/bump,App\Modules\POS\Presentation\Controllers\KitchenDisplayController,bump,,Menu,controller:pos.operate_terminal,CONTROLLER,
POST,/api/v1/pos/orders/{orderId}/served,App\Modules\POS\Presentation\Controllers\KitchenDisplayController,served,,Menu,controller:pos.operate_terminal,CONTROLLER,
POST,/api/v1/pos/orders,App\Modules\POS\Presentation\Controllers\OrderController,store,,Menu,controller:pos.operate_terminal | formrequest[CreateOrderRequest]:CHECK(non-permission-string),CONTROLLER,
GET|HEAD,/api/v1/pos/orders,App\Modules\POS\Presentation\Controllers\OrderController,index,,Menu,controller:pos.operate_terminal,CONTROLLER,
GET|HEAD,/api/v1/pos/orders/{id},App\Modules\POS\Presentation\Controllers\OrderController,show,,Menu,controller:pos.operate_terminal,CONTROLLER,
POST,/api/v1/pos/orders/{id}/lines,App\Modules\POS\Presentation\Controllers\OrderController,addLine,,Menu,controller:pos.operate_terminal | formrequest[AddOrderLineRequest]:CHECK(non-permission-string),CONTROLLER,
PATCH,/api/v1/pos/orders/{id}/lines/{lineId},App\Modules\POS\Presentation\Controllers\OrderController,modifyLine,,Menu,controller:pos.operate_terminal | formrequest[ModifyOrderLineRequest]:CHECK(non-permission-string),CONTROLLER,
DELETE,/api/v1/pos/orders/{id}/lines/{lineId},App\Modules\POS\Presentation\Controllers\OrderController,removeLine,,Menu,controller:pos.operate_terminal,CONTROLLER,
POST,/api/v1/pos/orders/{id}/send-to-kitchen,App\Modules\POS\Presentation\Controllers\OrderController,sendToKitchen,,Menu,controller:pos.operate_terminal,CONTROLLER,
POST,/api/v1/pos/orders/{id}/cancel,App\Modules\POS\Presentation\Controllers\OrderController,cancel,,Menu,controller:pos.operate_terminal,CONTROLLER,
POST,/api/v1/pos/orders/{id}/close,(closure),,,,,AUTH_ONLY,Closure route; tombstone returns HTTP 410 unconditionally (no DB mutation) per fiscal Phase 1 retirement / DPA V9 D3 ruling
GET|HEAD,/api/v1/procurement-policies,App\Modules\Procurement\Presentation\Controllers\ProcurementPolicyController,show,settings.view,,,MIDDLEWARE,
PUT,/api/v1/procurement-policies,App\Modules\Procurement\Presentation\Controllers\ProcurementPolicyController,update,settings.update,,formrequest[UpdateProcurementPolicyRequest]:CHECK:settings.update,MIDDLEWARE,also has a secondary controller/FormRequest/service-level check (defense in depth)
POST,/api/v1/goods-receipts/standalone,App\Modules\Procurement\Presentation\Controllers\StandaloneReceiptController,store,goods-receipt.create-standalone,,formrequest[CreateStandaloneReceiptRequest]:OPEN(returns true),MIDDLEWARE,
GET|HEAD,/api/v1/purchase-quote-requests,App\Modules\Procurement\Presentation\Controllers\PurchaseQuoteRequestController,index,purchase-quote-requests.view,,,MIDDLEWARE,
GET|HEAD,/api/v1/purchase-quote-requests/groups/{groupId},App\Modules\Procurement\Presentation\Controllers\PurchaseQuoteRequestController,group,purchase-quote-requests.view,,,MIDDLEWARE,
POST,/api/v1/purchase-quote-requests,App\Modules\Procurement\Presentation\Controllers\PurchaseQuoteRequestController,store,purchase-quote-requests.create,,formrequest[CreatePurchaseQuoteRequestRequest]:OPEN(returns true),MIDDLEWARE,
POST,/api/v1/purchase-quote-requests/groups/{groupId}/reopen,App\Modules\Procurement\Presentation\Controllers\PurchaseQuoteRequestController,reopen,purchase-quote-requests.convert,,,MIDDLEWARE,
GET|HEAD,/api/v1/purchase-quote-requests/{id},App\Modules\Procurement\Presentation\Controllers\PurchaseQuoteRequestController,show,purchase-quote-requests.view,,,MIDDLEWARE,
PUT,/api/v1/purchase-quote-requests/{id},App\Modules\Procurement\Presentation\Controllers\PurchaseQuoteRequestController,update,purchase-quote-requests.update,,formrequest[UpdatePurchaseQuoteRequestRequest]:OPEN(returns true),MIDDLEWARE,
POST,/api/v1/purchase-quote-requests/{id}/send,App\Modules\Procurement\Presentation\Controllers\PurchaseQuoteRequestController,send,purchase-quote-requests.update,,,MIDDLEWARE,
POST,/api/v1/purchase-quote-requests/{id}/convert-to-po,App\Modules\Procurement\Presentation\Controllers\PurchaseQuoteRequestController,convertToPo,purchase-quote-requests.convert,,,MIDDLEWARE,
GET|HEAD,/api/v1/supplier-invoices,App\Modules\Procurement\Presentation\Controllers\SupplierInvoiceController,index,documents.view,,,MIDDLEWARE,
GET|HEAD,/api/v1/supplier-invoices/duplicate-reference,App\Modules\Procurement\Presentation\Controllers\SupplierInvoiceController,duplicateReference,documents.view,,,MIDDLEWARE,
GET|HEAD,/api/v1/supplier-invoices/{id},App\Modules\Procurement\Presentation\Controllers\SupplierInvoiceController,show,documents.view,,,MIDDLEWARE,
POST,/api/v1/supplier-invoices,App\Modules\Procurement\Presentation\Controllers\SupplierInvoiceController,store,supplier-invoices.manage,,formrequest[CreateSupplierInvoiceRequest]:OPEN(returns true),MIDDLEWARE,
POST,/api/v1/supplier-invoices/{id}/match,App\Modules\Procurement\Presentation\Controllers\SupplierInvoiceController,match,supplier-invoices.manage,,,MIDDLEWARE,
POST,/api/v1/supplier-invoices/{id}/link-receipts,App\Modules\Procurement\Presentation\Controllers\SupplierInvoiceController,linkReceipts,supplier-invoices.link-receipts,,,MIDDLEWARE,
POST,/api/v1/supplier-invoices/{id}/post,App\Modules\Procurement\Presentation\Controllers\SupplierInvoiceController,post,supplier-invoices.manage,,,MIDDLEWARE,
GET|HEAD,/api/v1/locations,App\Modules\Company\Presentation\Controllers\LocationController,index,inventory.view,Inventory,,MIDDLEWARE,
GET|HEAD,/api/v1/locations/{location},App\Modules\Company\Presentation\Controllers\LocationController,show,inventory.view,Inventory,,MIDDLEWARE,
POST,/api/v1/locations,App\Modules\Company\Presentation\Controllers\LocationController,store,inventory.adjust,Inventory,formrequest[CreateLocationRequest]:OPEN(returns true),MIDDLEWARE,
PATCH,/api/v1/locations/{location},App\Modules\Company\Presentation\Controllers\LocationController,update,inventory.adjust,Inventory,formrequest[UpdateLocationRequest]:OPEN(returns true),MIDDLEWARE,
DELETE,/api/v1/locations/{location},App\Modules\Company\Presentation\Controllers\LocationController,destroy,inventory.adjust,Inventory,,MIDDLEWARE,
POST,/api/v1/locations/{location}/set-default,App\Modules\Company\Presentation\Controllers\LocationController,setDefault,inventory.adjust,Inventory,,MIDDLEWARE,
GET|HEAD,/api/v1/stock-levels,App\Modules\Inventory\Presentation\Controllers\StockLevelController,index,inventory.view,Inventory,,MIDDLEWARE,
GET|HEAD,/api/v1/stock-levels/{product}/{location},App\Modules\Inventory\Presentation\Controllers\StockLevelController,show,inventory.view,Inventory,,MIDDLEWARE,
PUT,/api/v1/inventory/stock-levels/thresholds,App\Modules\Inventory\Presentation\Controllers\StockLevelController,updateThresholds,inventory.adjust,Inventory,formrequest[UpdateStockThresholdsRequest]:OPEN(returns true),MIDDLEWARE,
GET|HEAD,/api/v1/inventory/stock-matrix,App\Modules\Inventory\Presentation\Controllers\StockMatrixController,index,inventory.view,Inventory,,MIDDLEWARE,
GET|HEAD,/api/v1/inventory/stock-matrix/rebalance,App\Modules\Inventory\Presentation\Controllers\StockMatrixController,rebalance,inventory.view,Inventory,,MIDDLEWARE,
GET|HEAD,/api/v1/stock-movements,App\Modules\Inventory\Presentation\Controllers\StockMovementController,index,inventory.view,Inventory,formrequest[ListStockMovementsRequest]:OPEN(returns true),MIDDLEWARE,
GET|HEAD,/api/v1/entry-exit-notes,App\Modules\Inventory\Presentation\Controllers\EntryExitNoteController,index,inventory.view,Inventory,,MIDDLEWARE,
GET|HEAD,/api/v1/stock-transfers,App\Modules\Inventory\Presentation\Controllers\StockTransferController,index,inventory.transfers.view,Inventory,,MIDDLEWARE,
POST,/api/v1/stock-transfers,App\Modules\Inventory\Presentation\Controllers\StockTransferController,store,inventory.transfers.create,Inventory,formrequest[StoreStockTransferRequest]:OPEN(returns true),MIDDLEWARE,
GET|HEAD,/api/v1/stock-transfers/{transfer},App\Modules\Inventory\Presentation\Controllers\StockTransferController,show,inventory.transfers.view,Inventory,,MIDDLEWARE,
POST,/api/v1/stock-transfers/{transfer}/complete,App\Modules\Inventory\Presentation\Controllers\StockTransferController,complete,inventory.transfers.complete,Inventory,,MIDDLEWARE,
POST,/api/v1/stock-transfers/{transfer}/cancel,App\Modules\Inventory\Presentation\Controllers\StockTransferController,cancel,inventory.transfers.cancel,Inventory,,MIDDLEWARE,
GET|HEAD,/api/v1/stock-adjustments,App\Modules\Inventory\Presentation\Controllers\StockAdjustmentController,index,inventory.adjustments.view,Inventory,,MIDDLEWARE,
POST,/api/v1/stock-adjustments,App\Modules\Inventory\Presentation\Controllers\StockAdjustmentController,store,inventory.adjustments.create,Inventory,controller:inventory.adjustments.post | formrequest[StoreStockAdjustmentRequest]:OPEN(returns true),MIDDLEWARE,also has a secondary controller/FormRequest/service-level check (defense in depth)
GET|HEAD,/api/v1/stock-adjustments/{adjustment},App\Modules\Inventory\Presentation\Controllers\StockAdjustmentController,show,inventory.adjustments.view,Inventory,,MIDDLEWARE,
PATCH,/api/v1/stock-adjustments/{adjustment},App\Modules\Inventory\Presentation\Controllers\StockAdjustmentController,update,inventory.adjustments.create,Inventory,formrequest[UpdateStockAdjustmentRequest]:OPEN(returns true),MIDDLEWARE,
POST,/api/v1/stock-adjustments/{adjustment}/post,App\Modules\Inventory\Presentation\Controllers\StockAdjustmentController,post,inventory.adjustments.post,Inventory,formrequest[PostStockAdjustmentRequest]:OPEN(returns true),MIDDLEWARE,
POST,/api/v1/stock-adjustments/{adjustment}/cancel,App\Modules\Inventory\Presentation\Controllers\StockAdjustmentController,cancel,inventory.adjustments.cancel,Inventory,formrequest[CancelStockAdjustmentRequest]:OPEN(returns true),MIDDLEWARE,
POST,/api/v1/stock-adjustments/{adjustment}/correct,App\Modules\Inventory\Presentation\Controllers\StockAdjustmentController,correct,inventory.adjustments.create,Inventory,,MIDDLEWARE,
GET|HEAD,/api/v1/goods-receipts,App\Modules\Inventory\Presentation\Controllers\GoodsReceiptController,index,inventory.view,Inventory,,MIDDLEWARE,
GET|HEAD,/api/v1/goods-receipts/{receipt},App\Modules\Inventory\Presentation\Controllers\GoodsReceiptController,show,inventory.view,Inventory,,MIDDLEWARE,
GET|HEAD,/api/v1/goods-receipts/{receipt}/pdf,App\Modules\Inventory\Presentation\Controllers\GoodsReceiptController,pdf,inventory.view,Inventory,,MIDDLEWARE,
POST,/api/v1/goods-receipts/{receipt}/post,App\Modules\Inventory\Presentation\Controllers\GoodsReceiptController,post,purchase-orders.receive,Inventory,,MIDDLEWARE,
DELETE,/api/v1/goods-receipts/{receipt},App\Modules\Inventory\Presentation\Controllers\GoodsReceiptController,destroy,purchase-orders.receive,Inventory,,MIDDLEWARE,
GET|HEAD,/api/v1/stock-reservations,App\Modules\Inventory\Presentation\Controllers\StockReservationController,index,inventory.view,Inventory,,MIDDLEWARE,
GET|HEAD,/api/v1/stock-reservations/breakdown,App\Modules\Inventory\Presentation\Controllers\StockReservationController,breakdown,inventory.view,Inventory,,MIDDLEWARE,
GET|HEAD,/api/v1/stock-reservations/{id},App\Modules\Inventory\Presentation\Controllers\StockReservationController,show,inventory.view,Inventory,,MIDDLEWARE,
POST,/api/v1/stock-reservations,App\Modules\Inventory\Presentation\Controllers\StockReservationController,store,inventory.adjust,Inventory,,MIDDLEWARE,
POST,/api/v1/stock-reservations/{id}/release,App\Modules\Inventory\Presentation\Controllers\StockReservationController,release,inventory.adjust,Inventory,,MIDDLEWARE,
GET|HEAD,/api/v1/inventory/onboarding-worklist,App\Modules\Inventory\Presentation\Controllers\InventoryCountingController,onboardingWorklist,inventory.view,Inventory,,MIDDLEWARE,
POST,/api/v1/inventory/terminal-sync-health,App\Modules\Inventory\Presentation\Controllers\InventoryCountingController,reportTerminalSyncHealth,pos.operate_terminal,Inventory,,MIDDLEWARE,
GET|HEAD,/api/v1/inventory/countings/dashboard,App\Modules\Inventory\Presentation\Controllers\InventoryCountingController,dashboard,inventory.view,Inventory,,MIDDLEWARE,
GET|HEAD,/api/v1/inventory/countings/my-tasks,App\Modules\Inventory\Presentation\Controllers\InventoryCountingController,myTasks,,Inventory,,AUTH_ONLY,
GET|HEAD,/api/v1/inventory/countings/my-drafts,App\Modules\Inventory\Presentation\Controllers\InventoryCountingController,myDrafts,inventory.view,Inventory,,MIDDLEWARE,
POST,/api/v1/inventory/countings/drafts,App\Modules\Inventory\Presentation\Controllers\InventoryCountingController,createDraft,inventory.adjust,Inventory,formrequest[CreateDraftCountingRequest]:CHECK(non-permission-string),MIDDLEWARE,also has a secondary controller/FormRequest/service-level check (defense in depth)
POST,/api/v1/inventory/countings/drafts/batch,App\Modules\Inventory\Presentation\Controllers\InventoryCountingController,batchCreateDrafts,inventory.adjust,Inventory,,MIDDLEWARE,
PATCH,/api/v1/inventory/countings/drafts/batch,App\Modules\Inventory\Presentation\Controllers\InventoryCountingController,batchUpdateDrafts,inventory.adjust,Inventory,,MIDDLEWARE,also has a secondary controller/FormRequest/service-level check (defense in depth)
POST,/api/v1/inventory/countings/{counting}/add-products/batch,App\Modules\Inventory\Presentation\Controllers\InventoryCountingController,batchAddProducts,inventory.adjust,Inventory,,MIDDLEWARE,also has a secondary controller/FormRequest/service-level check (defense in depth)
PATCH,/api/v1/inventory/countings/{counting}/draft,App\Modules\Inventory\Presentation\Controllers\InventoryCountingController,updateDraft,inventory.adjust,Inventory,formrequest[UpdateDraftCountingRequest]:CHECK(non-permission-string),MIDDLEWARE,also has a secondary controller/FormRequest/service-level check (defense in depth)
POST,/api/v1/inventory/countings/{counting}/add-product,App\Modules\Inventory\Presentation\Controllers\InventoryCountingController,addProduct,inventory.adjust,Inventory,formrequest[AddProductToCountingRequest]:CHECK(non-permission-string),MIDDLEWARE,also has a secondary controller/FormRequest/service-level check (defense in depth)
DELETE,/api/v1/inventory/countings/{counting}/products/{product},App\Modules\Inventory\Presentation\Controllers\InventoryCountingController,removeProduct,inventory.adjust,Inventory,,MIDDLEWARE,also has a secondary controller/FormRequest/service-level check (defense in depth)
POST,/api/v1/inventory/countings/{counting}/activate-draft,App\Modules\Inventory\Presentation\Controllers\InventoryCountingController,activateDraft,inventory.adjust,Inventory,formrequest[ActivateCountingRequest]:CHECK(non-permission-string),MIDDLEWARE,also has a secondary controller/FormRequest/service-level check (defense in depth)
GET|HEAD,/api/v1/inventory/countings,App\Modules\Inventory\Presentation\Controllers\InventoryCountingController,index,inventory.view,Inventory,,MIDDLEWARE,
POST,/api/v1/inventory/countings,App\Modules\Inventory\Presentation\Controllers\InventoryCountingController,store,inventory.adjust,Inventory,formrequest[CreateCountingRequest]:OPEN(returns true),MIDDLEWARE,
GET|HEAD,/api/v1/inventory/countings/{counting},App\Modules\Inventory\Presentation\Controllers\InventoryCountingController,show,inventory.view,Inventory,,MIDDLEWARE,
GET|HEAD,/api/v1/inventory/countings/{counting}/report,App\Modules\Inventory\Presentation\Controllers\InventoryCountingController,report,inventory.view,Inventory,,MIDDLEWARE,
GET|HEAD,/api/v1/inventory/countings/{counting}/counter-view,App\Modules\Inventory\Presentation\Controllers\InventoryCountingController,counterView,,Inventory,,AUTH_ONLY,
GET|HEAD,/api/v1/inventory/countings/{counting}/items/to-count,App\Modules\Inventory\Presentation\Controllers\CountingItemController,toCount,,Inventory,,AUTH_ONLY,
GET|HEAD,/api/v1/inventory/countings/{counting}/lookup,App\Modules\Inventory\Presentation\Controllers\CountingItemController,lookupByBarcode,,Inventory,,AUTH_ONLY,
POST,/api/v1/inventory/countings/{counting}/items/{item}/count,App\Modules\Inventory\Presentation\Controllers\CountingItemController,submitCount,,Inventory,formrequest[SubmitCountRequest]:OPEN(returns true),AUTH_ONLY,FormRequest App\Modules\Inventory\Presentation\Requests\SubmitCountRequest::authorize() returns true unconditionally (no permission check)
POST,/api/v1/inventory/countings/{counting}/activate,App\Modules\Inventory\Presentation\Controllers\InventoryCountingController,activate,inventory.adjust,Inventory,,MIDDLEWARE,
POST,/api/v1/inventory/countings/{counting}/cancel,App\Modules\Inventory\Presentation\Controllers\InventoryCountingController,cancel,inventory.adjust,Inventory,,MIDDLEWARE,
POST,/api/v1/inventory/countings/{counting}/finalize,App\Modules\Inventory\Presentation\Controllers\InventoryCountingController,finalize,inventory.adjust,Inventory,,MIDDLEWARE,
GET|HEAD,/api/v1/inventory/countings/{counting}/reconciliation,App\Modules\Inventory\Presentation\Controllers\CountingItemController,reconciliation,inventory.view,Inventory,,MIDDLEWARE,
POST,/api/v1/inventory/countings/{counting}/trigger-third-count,App\Modules\Inventory\Presentation\Controllers\CountingItemController,triggerThirdCount,inventory.adjust,Inventory,,MIDDLEWARE,
POST,/api/v1/inventory/countings/items/{item}/override,App\Modules\Inventory\Presentation\Controllers\CountingItemController,override,inventory.adjust,Inventory,formrequest[ManualOverrideRequest]:OPEN(returns true),MIDDLEWARE,
PATCH,/api/v1/inventory/countings/{counting}/items/{item}/opening-cost,App\Modules\Inventory\Presentation\Controllers\CountingItemController,setOpeningCost,inventory.adjust,Inventory,formrequest[SetOpeningCostRequest]:OPEN(returns true),MIDDLEWARE,
GET|HEAD,/api/v1/inventory/locations/{location}/nodes,App\Modules\Inventory\Presentation\Controllers\LocationNodeController,index,inventory.view,Inventory,,MIDDLEWARE,
POST,/api/v1/inventory/nodes,App\Modules\Inventory\Presentation\Controllers\LocationNodeController,store,inventory.adjust,Inventory,formrequest[CreateNodeRequest]:OPEN(returns true),MIDDLEWARE,
PATCH,/api/v1/inventory/nodes/{node},App\Modules\Inventory\Presentation\Controllers\LocationNodeController,update,inventory.adjust,Inventory,formrequest[UpdateNodeRequest]:OPEN(returns true),MIDDLEWARE,
POST,/api/v1/inventory/nodes/{node}/move,App\Modules\Inventory\Presentation\Controllers\LocationNodeController,move,inventory.adjust,Inventory,formrequest[MoveNodeRequest]:OPEN(returns true),MIDDLEWARE,
DELETE,/api/v1/inventory/nodes/{node},App\Modules\Inventory\Presentation\Controllers\LocationNodeController,destroy,inventory.adjust,Inventory,,MIDDLEWARE,
POST,/api/v1/inventory/nodes/{node}/restore,App\Modules\Inventory\Presentation\Controllers\LocationNodeController,restore,inventory.adjust,Inventory,,MIDDLEWARE,
GET|HEAD,/api/v1/inventory/nodes/{node}/products,App\Modules\Inventory\Presentation\Controllers\ProductPlacementController,products,inventory.view,Inventory,,MIDDLEWARE,
POST,/api/v1/inventory/nodes/{node}/assign-products,App\Modules\Inventory\Presentation\Controllers\ProductPlacementController,assignProducts,inventory.adjust,Inventory,formrequest[AssignProductsRequest]:OPEN(returns true),MIDDLEWARE,
DELETE,/api/v1/inventory/nodes/{node}/products/{product},App\Modules\Inventory\Presentation\Controllers\ProductPlacementController,unassignProduct,inventory.adjust,Inventory,,MIDDLEWARE,
GET|HEAD,/api/v1/inventory/placements,App\Modules\Inventory\Presentation\Controllers\ProductPlacementController,delta,inventory.view,Inventory,,MIDDLEWARE,
POST,/api/v1/inventory/placements/bulk-move,App\Modules\Inventory\Presentation\Controllers\ProductPlacementController,bulkMove,inventory.adjust,Inventory,formrequest[BulkMovePlacementsRequest]:OPEN(returns true),MIDDLEWARE,
GET|HEAD,/api/v1/inventory/products/{product}/placements,App\Modules\Inventory\Presentation\Controllers\ProductPlacementController,productPlacements,inventory.view,Inventory,,MIDDLEWARE,
PUT,/api/v1/inventory/products/{product}/placements,App\Modules\Inventory\Presentation\Controllers\ProductPlacementController,setProductPlacement,inventory.adjust,Inventory,formrequest[SetProductPlacementRequest]:OPEN(returns true),MIDDLEWARE,
GET|HEAD,/api/v1/vouchers,App\Modules\Voucher\Presentation\Controllers\VoucherController,index,,,,CONTROLLER,
POST,/api/v1/vouchers/issue-goodwill,App\Modules\Voucher\Presentation\Controllers\VoucherController,issueGoodwill,pos.issue_goodwill_voucher,,formrequest[IssueGoodwillRequest]:OPEN(returns true),MIDDLEWARE,
GET|HEAD,/api/v1/vouchers/{id},App\Modules\Voucher\Presentation\Controllers\VoucherController,show,,,,CONTROLLER,
POST,/api/v1/vouchers/{id}/void,App\Modules\Voucher\Presentation\Controllers\VoucherController,void,pos.void_voucher,,formrequest[VoidVoucherRequest]:OPEN(returns true),MIDDLEWARE,
POST,/api/v1/vouchers/{id}/transfer,App\Modules\Voucher\Presentation\Controllers\VoucherController,transfer,pos.transfer_voucher,,formrequest[TransferVoucherRequest]:OPEN(returns true),MIDDLEWARE,
POST,/api/v1/vouchers/{id}/extend-expiry,App\Modules\Voucher\Presentation\Controllers\VoucherController,extendExpiry,pos.extend_voucher_expiry,,formrequest[ExtendExpiryRequest]:OPEN(returns true),MIDDLEWARE,
GET|HEAD,/api/v1/menus,App\Modules\Menu\Presentation\Controllers\MenuController,index,,Menu,,AUTH_ONLY,
POST,/api/v1/menus,App\Modules\Menu\Presentation\Controllers\MenuController,store,,Menu,formrequest[StoreMenuRequest]:CHECK:menus.manage,FORMREQUEST,
GET|HEAD,/api/v1/menus/{id},App\Modules\Menu\Presentation\Controllers\MenuController,show,,Menu,,AUTH_ONLY,
PATCH,/api/v1/menus/{id},App\Modules\Menu\Presentation\Controllers\MenuController,update,,Menu,formrequest[UpdateMenuRequest]:CHECK:menus.manage,FORMREQUEST,
DELETE,/api/v1/menus/{id},App\Modules\Menu\Presentation\Controllers\MenuController,destroy,,Menu,,AUTH_ONLY,
POST,/api/v1/menus/{menuId}/categories,App\Modules\Menu\Presentation\Controllers\MenuCategoryController,store,,Menu,formrequest[StoreMenuCategoryRequest]:CHECK:menus.manage,FORMREQUEST,
PATCH,/api/v1/menu-categories/{id},App\Modules\Menu\Presentation\Controllers\MenuCategoryController,update,,Menu,formrequest[UpdateMenuCategoryRequest]:CHECK:menus.manage,FORMREQUEST,
DELETE,/api/v1/menu-categories/{id},App\Modules\Menu\Presentation\Controllers\MenuCategoryController,destroy,,Menu,,AUTH_ONLY,
PUT,/api/v1/menu-categories/{id}/items,App\Modules\Menu\Presentation\Controllers\MenuCategoryController,syncItems,,Menu,formrequest[SyncMenuCategoryItemsRequest]:CHECK:menus.manage,FORMREQUEST,
POST,/api/v1/menu-categories/{id}/items,App\Modules\Menu\Presentation\Controllers\MenuCategoryController,addItem,,Menu,formrequest[AddMenuCategoryItemRequest]:CHECK:menus.manage,FORMREQUEST,
DELETE,/api/v1/menu-categories/{categoryId}/items/{itemId},App\Modules\Menu\Presentation\Controllers\MenuCategoryController,removeItem,,Menu,,AUTH_ONLY,
GET|HEAD,/api/v1/active-menu,App\Modules\Menu\Presentation\Controllers\ActiveMenuController,__invoke,,Menu,,AUTH_ONLY,
GET|HEAD,/api/v1/catalog-carts,App\Modules\Cart\Presentation\Controllers\CatalogCartController,index,catalog_cart.view,,,MIDDLEWARE,
POST,/api/v1/catalog-carts,App\Modules\Cart\Presentation\Controllers\CatalogCartController,store,catalog_cart.create,,,MIDDLEWARE,
GET|HEAD,/api/v1/catalog-carts/{id},App\Modules\Cart\Presentation\Controllers\CatalogCartController,show,catalog_cart.view,,,MIDDLEWARE,
PATCH,/api/v1/catalog-carts/{id},App\Modules\Cart\Presentation\Controllers\CatalogCartController,update,catalog_cart.create,,,MIDDLEWARE,
DELETE,/api/v1/catalog-carts/{id},App\Modules\Cart\Presentation\Controllers\CatalogCartController,destroy,catalog_cart.create,,,MIDDLEWARE,
POST,/api/v1/catalog-carts/{id}/items,App\Modules\Cart\Presentation\Controllers\CatalogCartController,addItem,catalog_cart.create,,,MIDDLEWARE,
PATCH,/api/v1/catalog-carts/{id}/items/{itemId},App\Modules\Cart\Presentation\Controllers\CatalogCartController,updateItem,catalog_cart.create,,,MIDDLEWARE,
DELETE,/api/v1/catalog-carts/{id}/items/{itemId},App\Modules\Cart\Presentation\Controllers\CatalogCartController,removeItem,catalog_cart.create,,,MIDDLEWARE,
POST,/api/v1/catalog-carts/{id}/convert,App\Modules\Cart\Presentation\Controllers\CatalogCartController,convert,catalog_cart.convert_po,,,MIDDLEWARE,
GET|HEAD,/api/v1/progression/profile,App\Modules\Progression\Presentation\Controllers\CompanyProgressionController,show,,,,AUTH_ONLY,
POST,/api/v1/progression/register,App\Modules\Progression\Presentation\Controllers\CompanyProgressionController,register,,,,AUTH_ONLY,
GET|HEAD,/api/v1/progression/milestones,App\Modules\Progression\Presentation\Controllers\CompanyProgressionController,milestones,,,,AUTH_ONLY,
GET|HEAD,/api/v1/progression/modules,App\Modules\Progression\Presentation\Controllers\ModuleReadinessController,index,,,,AUTH_ONLY,
POST,/api/v1/progression/modules/{moduleId}/activate,App\Modules\Progression\Presentation\Controllers\ModuleReadinessController,activate,,,,AUTH_ONLY,
GET|HEAD,/api/v1/progression/recommendations,App\Modules\Progression\Presentation\Controllers\RecommendationController,index,,,,AUTH_ONLY,
POST,/api/v1/progression/recommendations/{recommendationId}/accept,App\Modules\Progression\Presentation\Controllers\RecommendationController,accept,,,,AUTH_ONLY,
POST,/api/v1/progression/recommendations/{recommendationId}/dismiss,App\Modules\Progression\Presentation\Controllers\RecommendationController,dismiss,,,,AUTH_ONLY,
GET|HEAD,/api/v1/services,App\Modules\Service\Presentation\Controllers\ServiceController,index,,Workshop,,AUTH_ONLY,
GET|HEAD,/api/v1/services/{service},App\Modules\Service\Presentation\Controllers\ServiceController,show,,Workshop,,AUTH_ONLY,
POST,/api/v1/services,App\Modules\Service\Presentation\Controllers\ServiceController,store,,Workshop,formrequest[CreateServiceRequest]:OPEN(returns true),AUTH_ONLY,FormRequest App\Modules\Service\Presentation\Requests\CreateServiceRequest::authorize() returns true unconditionally (no permission check)
PATCH,/api/v1/services/{service},App\Modules\Service\Presentation\Controllers\ServiceController,update,,Workshop,formrequest[UpdateServiceRequest]:OPEN(returns true),AUTH_ONLY,FormRequest App\Modules\Service\Presentation\Requests\UpdateServiceRequest::authorize() returns true unconditionally (no permission check)
DELETE,/api/v1/services/{service},App\Modules\Service\Presentation\Controllers\ServiceController,destroy,,Workshop,,AUTH_ONLY,
GET|HEAD,/api/v1/service-categories,App\Modules\Service\Presentation\Controllers\ServiceCategoryController,index,,Workshop,,AUTH_ONLY,
GET|HEAD,/api/v1/service-categories/tree,App\Modules\Service\Presentation\Controllers\ServiceCategoryController,tree,,Workshop,,AUTH_ONLY,
GET|HEAD,/api/v1/service-categories/{category},App\Modules\Service\Presentation\Controllers\ServiceCategoryController,show,,Workshop,,AUTH_ONLY,
POST,/api/v1/service-categories,App\Modules\Service\Presentation\Controllers\ServiceCategoryController,store,,Workshop,formrequest[CreateServiceCategoryRequest]:OPEN(returns true),AUTH_ONLY,FormRequest App\Modules\Service\Presentation\Requests\CreateServiceCategoryRequest::authorize() returns true unconditionally (no permission check)
PATCH,/api/v1/service-categories/{category},App\Modules\Service\Presentation\Controllers\ServiceCategoryController,update,,Workshop,formrequest[UpdateServiceCategoryRequest]:OPEN(returns true),AUTH_ONLY,FormRequest App\Modules\Service\Presentation\Requests\UpdateServiceCategoryRequest::authorize() returns true unconditionally (no permission check)
DELETE,/api/v1/service-categories/{category},App\Modules\Service\Presentation\Controllers\ServiceCategoryController,destroy,,Workshop,,AUTH_ONLY,
GET|HEAD,/api/v1/banks,App\Modules\Treasury\Presentation\Controllers\BankController,index,,,,AUTH_ONLY,
GET|HEAD,/api/v1/payment-methods,App\Modules\Treasury\Presentation\Controllers\PaymentMethodController,index,treasury.view,,,MIDDLEWARE,
GET|HEAD,/api/v1/payment-methods/{paymentMethod},App\Modules\Treasury\Presentation\Controllers\PaymentMethodController,show,treasury.view,,,MIDDLEWARE,
POST,/api/v1/payment-methods,App\Modules\Treasury\Presentation\Controllers\PaymentMethodController,store,treasury.manage,,,MIDDLEWARE,
PATCH,/api/v1/payment-methods/{paymentMethod},App\Modules\Treasury\Presentation\Controllers\PaymentMethodController,update,treasury.manage,,,MIDDLEWARE,
GET|HEAD,/api/v1/treasury/cash-position,App\Modules\Treasury\Presentation\Controllers\CashPositionController,index,treasury.view,,,MIDDLEWARE,
GET|HEAD,/api/v1/treasury/maturing-instruments,App\Modules\Treasury\Presentation\Controllers\MaturingInstrumentsController,index,instruments.view,,,MIDDLEWARE,
GET|HEAD,/api/v1/payment-repositories,App\Modules\Treasury\Presentation\Controllers\PaymentRepositoryController,index,repositories.view,,,MIDDLEWARE,
GET|HEAD,/api/v1/payment-repositories/{repository},App\Modules\Treasury\Presentation\Controllers\PaymentRepositoryController,show,repositories.view,,,MIDDLEWARE,
GET|HEAD,/api/v1/payment-repositories/{repository}/balance,App\Modules\Treasury\Presentation\Controllers\PaymentRepositoryController,balance,repositories.view,,,MIDDLEWARE,
GET|HEAD,/api/v1/payment-repositories/{repository}/transactions,App\Modules\Treasury\Presentation\Controllers\PaymentRepositoryController,transactions,repositories.view,,,MIDDLEWARE,
GET|HEAD,/api/v1/payment-repositories/{repository}/movements,App\Modules\Treasury\Presentation\Controllers\RepositoryMovementController,index,treasury.view,,,MIDDLEWARE,
POST,/api/v1/payment-repositories,App\Modules\Treasury\Presentation\Controllers\PaymentRepositoryController,store,repositories.manage,,,MIDDLEWARE,
PATCH,/api/v1/payment-repositories/{repository},App\Modules\Treasury\Presentation\Controllers\PaymentRepositoryController,update,repositories.manage,,,MIDDLEWARE,
POST,/api/v1/payment-repositories/{repository}/adjustments,App\Modules\Treasury\Presentation\Controllers\RepositoryAdjustmentController,store,treasury.adjust,,formrequest[AdjustRepositoryRequest]:OPEN(returns true),MIDDLEWARE,
POST,/api/v1/payment-repositories/transfers,App\Modules\Treasury\Presentation\Controllers\RepositoryTransferController,store,treasury.transfer,,formrequest[TransferRepositoryRequest]:OPEN(returns true),MIDDLEWARE,
GET|HEAD,/api/v1/payment-instruments,App\Modules\Treasury\Presentation\Controllers\PaymentInstrumentController,index,instruments.view,,,MIDDLEWARE,
GET|HEAD,/api/v1/payment-instruments/{instrument},App\Modules\Treasury\Presentation\Controllers\PaymentInstrumentController,show,instruments.view,,,MIDDLEWARE,
GET|HEAD,/api/v1/payment-instruments/{instrument}/events,App\Modules\Treasury\Presentation\Controllers\PaymentInstrumentController,events,instruments.view,,,MIDDLEWARE,
POST,/api/v1/payment-instruments,App\Modules\Treasury\Presentation\Controllers\PaymentInstrumentController,store,instruments.create,,,MIDDLEWARE,
PATCH,/api/v1/payment-instruments/{instrument},App\Modules\Treasury\Presentation\Controllers\PaymentInstrumentController,update,instruments.update,,,MIDDLEWARE,
POST,/api/v1/payment-instruments/{instrument}/deposit,App\Modules\Treasury\Presentation\Controllers\PaymentInstrumentController,deposit,instruments.transfer,,,MIDDLEWARE,
POST,/api/v1/payment-instruments/{instrument}/clear,App\Modules\Treasury\Presentation\Controllers\PaymentInstrumentController,clear,instruments.clear,,,MIDDLEWARE,
POST,/api/v1/payment-instruments/{instrument}/bounce,App\Modules\Treasury\Presentation\Controllers\PaymentInstrumentController,bounce,instruments.bounce,,,MIDDLEWARE,
POST,/api/v1/payment-instruments/{instrument}/transfer,App\Modules\Treasury\Presentation\Controllers\PaymentInstrumentController,transfer,instruments.transfer,,,MIDDLEWARE,
POST,/api/v1/payment-instruments/{instrument}/cancel,App\Modules\Treasury\Presentation\Controllers\PaymentInstrumentController,cancel,instruments.cancel,,,MIDDLEWARE,
POST,/api/v1/payment-instruments/{instrument}/clear-outbound,App\Modules\Treasury\Presentation\Controllers\PaymentInstrumentController,clearOutbound,instruments.clear-outbound,,,MIDDLEWARE,
POST,/api/v1/payment-instruments/{instrument}/bounce-outbound,App\Modules\Treasury\Presentation\Controllers\PaymentInstrumentController,bounceOutbound,instruments.clear-outbound,,,MIDDLEWARE,
POST,/api/v1/payment-instruments/{instrument}/represent,App\Modules\Treasury\Presentation\Controllers\PaymentInstrumentController,represent,instruments.clear-outbound,,,MIDDLEWARE,
POST,/api/v1/payment-instruments/{instrument}/cancel-outbound,App\Modules\Treasury\Presentation\Controllers\PaymentInstrumentController,cancelOutbound,instruments.cancel-outbound,,,MIDDLEWARE,
GET|HEAD,/api/v1/instrument-remittances,App\Modules\Treasury\Presentation\Controllers\InstrumentRemittanceController,index,instruments.remit,,,MIDDLEWARE,
POST,/api/v1/instrument-remittances,App\Modules\Treasury\Presentation\Controllers\InstrumentRemittanceController,store,instruments.remit,,,MIDDLEWARE,
GET|HEAD,/api/v1/instrument-remittances/{remittance},App\Modules\Treasury\Presentation\Controllers\InstrumentRemittanceController,show,instruments.remit,,,MIDDLEWARE,
POST,/api/v1/instrument-remittances/{remittance}/lines,App\Modules\Treasury\Presentation\Controllers\InstrumentRemittanceController,addLine,instruments.remit,,,MIDDLEWARE,
DELETE,/api/v1/instrument-remittances/{remittance}/lines/{line},App\Modules\Treasury\Presentation\Controllers\InstrumentRemittanceController,removeLine,instruments.remit,,,MIDDLEWARE,
POST,/api/v1/instrument-remittances/{remittance}/remit,App\Modules\Treasury\Presentation\Controllers\InstrumentRemittanceController,remit,instruments.remit,,,MIDDLEWARE,
POST,/api/v1/instrument-remittances/{remittance}/lines/{line}/clear,App\Modules\Treasury\Presentation\Controllers\InstrumentRemittanceController,clearLine,instruments.clear,,,MIDDLEWARE,
POST,/api/v1/instrument-remittances/{remittance}/lines/{line}/bounce,App\Modules\Treasury\Presentation\Controllers\InstrumentRemittanceController,bounceLine,instruments.bounce,,,MIDDLEWARE,
GET|HEAD,/api/v1/payments,App\Modules\Treasury\Presentation\Controllers\PaymentController,index,payments.view,,formrequest[ListPaymentsRequest]:OPEN(returns true),MIDDLEWARE,
GET|HEAD,/api/v1/payments/{payment},App\Modules\Treasury\Presentation\Controllers\PaymentController,show,payments.view,,,MIDDLEWARE,
POST,/api/v1/payments,App\Modules\Treasury\Presentation\Controllers\PaymentController,store,payments.create,,service[SupplierPaymentAuthorizer::assertMayPay]:payments.pay-supplier,MIDDLEWARE,also has a secondary controller/FormRequest/service-level check (defense in depth)
POST,/api/v1/payments/{payment}/refund,App\Modules\Treasury\Presentation\Controllers\PaymentRefundController,refundPayment,payments.refund,,,MIDDLEWARE,
POST,/api/v1/payments/{payment}/partial-refund,App\Modules\Treasury\Presentation\Controllers\PaymentRefundController,partialRefund,payments.refund,,,MIDDLEWARE,
POST,/api/v1/payments/{payment}/reverse,App\Modules\Treasury\Presentation\Controllers\PaymentRefundController,reversePayment,payments.reverse,,,MIDDLEWARE,
GET|HEAD,/api/v1/payments/{payment}/can-refund,App\Modules\Treasury\Presentation\Controllers\PaymentRefundController,checkRefundable,payments.view,,,MIDDLEWARE,
GET|HEAD,/api/v1/payments/{payment}/refund-history,App\Modules\Treasury\Presentation\Controllers\PaymentRefundController,getRefundHistory,payments.view,,,MIDDLEWARE,
POST,/api/v1/documents/{document}/refund-prepayment,App\Modules\Treasury\Presentation\Controllers\PaymentRefundController,refundPrepayment,payments.void,,formrequest[RefundPrepaymentRequest]:OPEN(returns true),MIDDLEWARE,
POST,/api/v1/documents/{document}/split-payment,App\Modules\Treasury\Presentation\Controllers\MultiPaymentController,createSplitPayment,payments.create,,,MIDDLEWARE,
POST,/api/v1/payments/deposit,App\Modules\Treasury\Presentation\Controllers\MultiPaymentController,recordDeposit,payments.create,,,MIDDLEWARE,
POST,/api/v1/payments/{payment}/apply-deposit,App\Modules\Treasury\Presentation\Controllers\MultiPaymentController,applyDeposit,payments.create,,,MIDDLEWARE,
GET|HEAD,/api/v1/partners/{partner}/unallocated-balance/{currency},App\Modules\Treasury\Presentation\Controllers\MultiPaymentController,getUnallocatedBalance,payments.view,,,MIDDLEWARE,
POST,/api/v1/payments/on-account,App\Modules\Treasury\Presentation\Controllers\MultiPaymentController,recordPaymentOnAccount,payments.create,,,MIDDLEWARE,
GET|HEAD,/api/v1/partners/{partner}/account-balance/{currency},App\Modules\Treasury\Presentation\Controllers\MultiPaymentController,getPartnerAccountBalance,payments.view,,,MIDDLEWARE,
POST,/api/v1/payments/validate-split,App\Modules\Treasury\Presentation\Controllers\MultiPaymentController,validateSplit,payments.view,,,MIDDLEWARE,
GET|HEAD,/api/v1/smart-payment/tolerance-settings,App\Modules\Treasury\Presentation\Controllers\SmartPaymentController,getToleranceSettings,payments.view,,,MIDDLEWARE,
POST,/api/v1/smart-payment/preview-allocation,App\Modules\Treasury\Presentation\Controllers\SmartPaymentController,previewAllocation,payments.view,,,MIDDLEWARE,
POST,/api/v1/smart-payment/apply-allocation,App\Modules\Treasury\Presentation\Controllers\SmartPaymentController,applyAllocation,payments.create,,,MIDDLEWARE,
GET|HEAD,/api/v1/partners/{partner}/open-invoices,App\Modules\Treasury\Presentation\Controllers\SmartPaymentController,getOpenInvoices,payments.view,,,MIDDLEWARE,
GET|HEAD,/api/v1/bank-statements,App\Modules\Treasury\Presentation\Controllers\BankStatementController,index,bank-statements.view,,,MIDDLEWARE,
GET|HEAD,/api/v1/bank-statements/{bankStatement},App\Modules\Treasury\Presentation\Controllers\BankStatementController,show,bank-statements.view,,,MIDDLEWARE,
POST,/api/v1/bank-statements/upload,App\Modules\Treasury\Presentation\Controllers\BankStatementController,upload,bank-statements.import,,formrequest[UploadBankStatementRequest]:OPEN(returns true),MIDDLEWARE,
POST,/api/v1/bank-statements,App\Modules\Treasury\Presentation\Controllers\BankStatementController,store,bank-statements.import,,formrequest[ConfirmBankStatementRequest]:OPEN(returns true),MIDDLEWARE,
POST,/api/v1/bank-statements/{bankStatement}/void,App\Modules\Treasury\Presentation\Controllers\BankStatementController,void,bank-statements.reconcile,,,MIDDLEWARE,
POST,/api/v1/bank-statements/{bankStatement}/complete,App\Modules\Treasury\Presentation\Controllers\BankStatementController,complete,bank-statements.reconcile,,service[StatementCompletionService::complete]:bank-statements.reopen,MIDDLEWARE,also has a secondary controller/FormRequest/service-level check (defense in depth)
POST,/api/v1/bank-statements/{bankStatement}/reopen,App\Modules\Treasury\Presentation\Controllers\BankStatementController,reopen,bank-statements.reopen,,,MIDDLEWARE,
GET|HEAD,/api/v1/bank-statement-targets/{targetType}/{targetId}/lines,App\Modules\Treasury\Presentation\Controllers\StatementLineController,targetProvenance,bank-statements.view,,,MIDDLEWARE,
POST,/api/v1/bank-statement-lines/{statementLine}/allocations,App\Modules\Treasury\Presentation\Controllers\StatementLineController,allocate,bank-statements.reconcile,,formrequest[AllocateStatementLineRequest]:OPEN(returns true),MIDDLEWARE,
GET|HEAD,/api/v1/bank-statement-lines/{statementLine}/suggestions,App\Modules\Treasury\Presentation\Controllers\StatementLineController,suggestions,bank-statements.reconcile,,,MIDDLEWARE,
DELETE,/api/v1/bank-statement-lines/{statementLine}/allocations/{repositoryMovement?},App\Modules\Treasury\Presentation\Controllers\StatementLineController,unallocate,bank-statements.reconcile,,formrequest[UnallocateStatementLineRequest]:OPEN(returns true),MIDDLEWARE,
POST,/api/v1/bank-statement-lines/{statementLine}/ignore,App\Modules\Treasury\Presentation\Controllers\StatementLineController,ignore,bank-statements.reconcile,,formrequest[IgnoreStatementLineRequest]:OPEN(returns true),MIDDLEWARE,
DELETE,/api/v1/bank-statement-lines/{statementLine}/ignore,App\Modules\Treasury\Presentation\Controllers\StatementLineController,unignore,bank-statements.reconcile,,,MIDDLEWARE,
POST,/api/v1/bank-statement-lines/{statementLine}/actions,App\Modules\Treasury\Presentation\Controllers\StatementLineController,execute,bank-statements.reconcile,,formrequest[ExecuteStatementActionRequest]:OPEN(returns true),MIDDLEWARE,
GET|HEAD,/api/v1/statement-import-profiles,App\Modules\Treasury\Presentation\Controllers\StatementProfileController,index,bank-statements.view,,,MIDDLEWARE,
GET|HEAD,/api/v1/statement-import-profiles/{statementProfile},App\Modules\Treasury\Presentation\Controllers\StatementProfileController,show,bank-statements.view,,,MIDDLEWARE,
POST,/api/v1/statement-import-profiles,App\Modules\Treasury\Presentation\Controllers\StatementProfileController,store,bank-statements.import,,formrequest[StatementProfileRequest]:OPEN(returns true),MIDDLEWARE,
PATCH,/api/v1/statement-import-profiles/{statementProfile},App\Modules\Treasury\Presentation\Controllers\StatementProfileController,update,bank-statements.import,,formrequest[StatementProfileRequest]:OPEN(returns true),MIDDLEWARE,
DELETE,/api/v1/statement-import-profiles/{statementProfile},App\Modules\Treasury\Presentation\Controllers\StatementProfileController,destroy,bank-statements.import,,,MIDDLEWARE,
GET|HEAD,/api/v1/uom/categories,App\Modules\Uom\Presentation\Controllers\UomController,indexCategories,,,,AUTH_ONLY,
GET|HEAD,/api/v1/uom/units,App\Modules\Uom\Presentation\Controllers\UomController,indexUnits,,,,AUTH_ONLY,
GET|HEAD,/api/v1/uom/units/{id},App\Modules\Uom\Presentation\Controllers\UomController,showUnit,,,,AUTH_ONLY,
POST,/api/v1/uom/units,App\Modules\Uom\Presentation\Controllers\UomController,storeUnit,,,formrequest[CreateUnitRequest]:OPEN(returns true),AUTH_ONLY,FormRequest App\Modules\Uom\Presentation\Requests\CreateUnitRequest::authorize() returns true unconditionally (no permission check)
PUT,/api/v1/uom/units/{id},App\Modules\Uom\Presentation\Controllers\UomController,updateUnit,,,formrequest[UpdateUnitRequest]:OPEN(returns true),AUTH_ONLY,FormRequest App\Modules\Uom\Presentation\Requests\UpdateUnitRequest::authorize() returns true unconditionally (no permission check)
DELETE,/api/v1/uom/units/{id},App\Modules\Uom\Presentation\Controllers\UomController,destroyUnit,,,,AUTH_ONLY,
GET|HEAD,/api/v1/uom/unit-text-mappings/unmapped,App\Modules\Uom\Presentation\Controllers\UomController,unmappedUnitTexts,,,,AUTH_ONLY,
POST,/api/v1/uom/unit-text-mappings,App\Modules\Uom\Presentation\Controllers\UomController,applyUnitTextMapping,,,formrequest[ApplyUnitTextMappingRequest]:OPEN(returns true),AUTH_ONLY,FormRequest App\Modules\Uom\Presentation\Requests\ApplyUnitTextMappingRequest::authorize() returns true unconditionally (no permission check)
POST,/api/v1/uom/convert,App\Modules\Uom\Presentation\Controllers\UomController,convert,,,,AUTH_ONLY,
GET|HEAD,/api/v1/admin/country-defaults/templates,App\Modules\CountryDefaults\Presentation\Controllers\TemplateController,index,,,formrequest[ListTemplatesRequest]:OPEN(returns true),SUPERADMIN_ONLY,"role gate: central_admin; central_admin_role:super_admin,defaults_editor"
POST,/api/v1/admin/country-defaults/templates,App\Modules\CountryDefaults\Presentation\Controllers\TemplateController,store,,,formrequest[CreateTemplateRequest]:OPEN(returns true),SUPERADMIN_ONLY,"role gate: central_admin; central_admin_role:super_admin,defaults_editor"
POST,/api/v1/admin/country-defaults/templates/{id}/clone,App\Modules\CountryDefaults\Presentation\Controllers\TemplateController,clone,,,formrequest[CloneTemplateRequest]:OPEN(returns true),SUPERADMIN_ONLY,"role gate: central_admin; central_admin_role:super_admin,defaults_editor"
GET|HEAD,/api/v1/admin/country-defaults/templates/{id},App\Modules\CountryDefaults\Presentation\Controllers\TemplateController,show,,,formrequest[ShowTemplateRequest]:OPEN(returns true),SUPERADMIN_ONLY,"role gate: central_admin; central_admin_role:super_admin,defaults_editor"
PUT,/api/v1/admin/country-defaults/templates/{id},App\Modules\CountryDefaults\Presentation\Controllers\TemplateController,update,,,formrequest[UpdateTemplateRequest]:OPEN(returns true),SUPERADMIN_ONLY,"role gate: central_admin; central_admin_role:super_admin,defaults_editor"
DELETE,/api/v1/admin/country-defaults/templates/{id},App\Modules\CountryDefaults\Presentation\Controllers\TemplateController,destroy,,,,SUPERADMIN_ONLY,"role gate: central_admin; central_admin_role:super_admin,defaults_editor"
PUT,/api/v1/admin/country-defaults/templates/{id}/rows,App\Modules\CountryDefaults\Presentation\Controllers\TemplateRowController,update,,,formrequest[UpsertTemplateRowsRequest]:OPEN(returns true),SUPERADMIN_ONLY,"role gate: central_admin; central_admin_role:super_admin,defaults_editor"
GET|HEAD,/api/v1/admin/country-defaults/templates/{id}/validation,App\Modules\CountryDefaults\Presentation\Controllers\TemplateController,validation,,,formrequest[ValidateTemplateRequest]:OPEN(returns true),SUPERADMIN_ONLY,"role gate: central_admin; central_admin_role:super_admin,defaults_editor"
POST,/api/v1/admin/country-defaults/templates/{id}/publish,App\Modules\CountryDefaults\Presentation\Controllers\TemplateController,publish,,,formrequest[PublishTemplateRequest]:OPEN(returns true),SUPERADMIN_ONLY,"role gate: central_admin; central_admin_role:super_admin,defaults_editor"
POST,/api/v1/admin/country-defaults/templates/{id}/archive,App\Modules\CountryDefaults\Presentation\Controllers\TemplateController,archive,,,,SUPERADMIN_ONLY,"role gate: central_admin; central_admin_role:super_admin,defaults_editor"
GET|HEAD,/api/v1/admin/country-defaults/assignments,App\Modules\CountryDefaults\Presentation\Controllers\AssignmentController,index,,,formrequest[ListAssignmentsRequest]:OPEN(returns true),SUPERADMIN_ONLY,"role gate: central_admin; central_admin_role:super_admin,defaults_editor"
PUT,/api/v1/admin/country-defaults/assignments/{countryCode},App\Modules\CountryDefaults\Presentation\Controllers\AssignmentController,update,,,formrequest[AssignTemplateRequest]:OPEN(returns true),SUPERADMIN_ONLY,"role gate: central_admin; central_admin_role:super_admin,defaults_editor"
GET|HEAD,/api/v1/admin/country-defaults/editors,App\Modules\CountryDefaults\Presentation\Controllers\DefaultsEditorController,index,,,formrequest[ListDefaultsEditorsRequest]:OPEN(returns true),SUPERADMIN_ONLY,"role gate: central_admin; central_admin_role:super_admin,defaults_editor; central_admin_role:super_admin"
POST,/api/v1/admin/country-defaults/editors,App\Modules\CountryDefaults\Presentation\Controllers\DefaultsEditorController,store,,,formrequest[CreateDefaultsEditorRequest]:OPEN(returns true),SUPERADMIN_ONLY,"role gate: central_admin; central_admin_role:super_admin,defaults_editor; central_admin_role:super_admin"
PUT,/api/v1/admin/country-defaults/editors,App\Modules\CountryDefaults\Presentation\Controllers\DefaultsEditorController,update,,,formrequest[UpdateDefaultsEditorRequest]:OPEN(returns true),SUPERADMIN_ONLY,"role gate: central_admin; central_admin_role:super_admin,defaults_editor; central_admin_role:super_admin"
POST,/api/v1/admin/country-defaults/editors/{editor}/reset-credentials,App\Modules\CountryDefaults\Presentation\Controllers\DefaultsEditorController,resetCredentials,,,formrequest[ResetDefaultsEditorCredentialsRequest]:OPEN(returns true),SUPERADMIN_ONLY,"role gate: central_admin; central_admin_role:super_admin,defaults_editor; central_admin_role:super_admin"
GET|HEAD,/api/v1/price-lists,App\Modules\Pricing\Presentation\Controllers\PricingController,index,pricing.view,,,MIDDLEWARE,
GET|HEAD,/api/v1/price-lists/{priceList},App\Modules\Pricing\Presentation\Controllers\PricingController,show,pricing.view,,,MIDDLEWARE,
POST,/api/v1/price-lists,App\Modules\Pricing\Presentation\Controllers\PricingController,store,pricing.manage,,,MIDDLEWARE,
PATCH,/api/v1/price-lists/{priceList},App\Modules\Pricing\Presentation\Controllers\PricingController,update,pricing.manage,,,MIDDLEWARE,
DELETE,/api/v1/price-lists/{priceList},App\Modules\Pricing\Presentation\Controllers\PricingController,destroy,pricing.manage,,,MIDDLEWARE,
POST,/api/v1/price-lists/{priceList}/items,App\Modules\Pricing\Presentation\Controllers\PricingController,addItem,pricing.manage,,,MIDDLEWARE,
PATCH,/api/v1/price-lists/{priceList}/items/{item},App\Modules\Pricing\Presentation\Controllers\PricingController,updateItem,pricing.manage,,,MIDDLEWARE,
DELETE,/api/v1/price-lists/{priceList}/items/{item},App\Modules\Pricing\Presentation\Controllers\PricingController,removeItem,pricing.manage,,,MIDDLEWARE,
POST,/api/v1/price-lists/{priceList}/partners,App\Modules\Pricing\Presentation\Controllers\PricingController,assignToPartner,pricing.manage,,,MIDDLEWARE,
DELETE,/api/v1/price-lists/{priceList}/partners/{partner},App\Modules\Pricing\Presentation\Controllers\PricingController,removeFromPartner,pricing.manage,,,MIDDLEWARE,
POST,/api/v1/pricing/get-price,App\Modules\Pricing\Presentation\Controllers\PricingController,getPrice,pricing.view,,,MIDDLEWARE,
POST,/api/v1/pricing/quantity-breaks,App\Modules\Pricing\Presentation\Controllers\PricingController,getQuantityBreaks,pricing.view,,,MIDDLEWARE,
POST,/api/v1/pricing/calculate-line,App\Modules\Pricing\Presentation\Controllers\PricingController,calculateLineTotal,pricing.view,,,MIDDLEWARE,
POST,/api/v1/pricing/bulk-prices,App\Modules\Pricing\Presentation\Controllers\PricingController,getBulkPrices,pricing.view,,,MIDDLEWARE,
POST,/api/v1/pricing/check-margin,App\Modules\Pricing\Presentation\Controllers\PricingController,checkMargin,pricing.view,,"service[MarginService::canSellAtPrice]:pricing.sell_below_cost,pricing.sell_below_minimum_margin,pricing.sell_below_target_margin",MIDDLEWARE,also has a secondary controller/FormRequest/service-level check (defense in depth)
POST,/api/v1/pricing/discount-policy,App\Modules\Pricing\Presentation\Controllers\DiscountPolicyController,__invoke,pricing.view_cost_prices,,"controller:pricing.sell_below_minimum_margin,pricing.sell_below_cost",MIDDLEWARE,also has a secondary controller/FormRequest/service-level check (defense in depth)
GET|HEAD,/api/v1/purchase-hub/offers,App\Modules\PurchaseHub\Presentation\Controllers\PurchaseHubOfferController,index,,,,AUTH_ONLY,
GET|HEAD,/api/v1/purchase-hub/offers/{id},App\Modules\PurchaseHub\Presentation\Controllers\PurchaseHubOfferController,show,,,,AUTH_ONLY,
POST,/api/v1/purchase-hub/orders,App\Modules\PurchaseHub\Presentation\Controllers\PurchaseHubOrderController,store,,,,AUTH_ONLY,
GET|HEAD,/api/v1/purchase-hub/orders,App\Modules\PurchaseHub\Presentation\Controllers\PurchaseHubOrderController,index,,,,AUTH_ONLY,
GET|HEAD,/api/v1/purchase-hub/orders/{id},App\Modules\PurchaseHub\Presentation\Controllers\PurchaseHubOrderController,show,,,,AUTH_ONLY,
POST,/api/webhooks/purchase-hub,App\Modules\PurchaseHub\Presentation\Controllers\PurchaseHubWebhookController,__invoke,,,,PUBLIC,webhook route with NO signature-verification middleware visible at the route/group level (may be checked inside the controller — not scanned by this permission-focused sweep)
POST,/api/v1/document-ingestions,App\Modules\DocumentIngestion\Presentation\Controllers\DocumentIngestionController,store,document-ingestions.create,,formrequest[StoreDocumentIngestionRequest]:OPEN(returns true),MIDDLEWARE,
GET|HEAD,/api/v1/document-ingestions,App\Modules\DocumentIngestion\Presentation\Controllers\DocumentIngestionController,index,document-ingestions.view,,,MIDDLEWARE,
GET|HEAD,/api/v1/document-ingestions/{id},App\Modules\DocumentIngestion\Presentation\Controllers\DocumentIngestionController,show,document-ingestions.view,,,MIDDLEWARE,
POST,/api/v1/document-ingestions/{id}/extract,App\Modules\DocumentIngestion\Presentation\Controllers\DocumentIngestionController,extract,document-ingestions.create,,,MIDDLEWARE,
POST,/api/v1/document-ingestions/{id}/reject,App\Modules\DocumentIngestion\Presentation\Controllers\DocumentIngestionController,reject,document-ingestions.reject,,,MIDDLEWARE,
POST,/api/v1/document-ingestions/{id}/commit,App\Modules\DocumentIngestion\Presentation\Controllers\DocumentIngestionController,commit,document-ingestions.commit,,formrequest[CommitDocumentIngestionRequest]:OPEN(returns true),MIDDLEWARE,
POST,/api/v1/companies,App\Modules\Company\Presentation\Controllers\CompanyController,store,,,formrequest[CreateCompanyRequest]:OPEN(returns true),AUTH_ONLY,FormRequest App\Modules\Company\Presentation\Requests\CreateCompanyRequest::authorize() returns true unconditionally (no permission check)
GET|HEAD,/api/v1/companies/{companyId},App\Modules\Company\Presentation\Controllers\CompanyController,show,,,,AUTH_ONLY,
PUT,/api/v1/companies/{companyId},App\Modules\Company\Presentation\Controllers\CompanyController,update,settings.update,,controller:settings.fiscal.update | formrequest[UpdateCompanyRequest]:OPEN(returns true),MIDDLEWARE,also has a secondary controller/FormRequest/service-level check (defense in depth)
GET|HEAD,/api/v1/companies/{companyId}/reservation-settings,App\Modules\Company\Presentation\Controllers\CompanyController,getReservationSettings,,,,AUTH_ONLY,
PUT,/api/v1/companies/{companyId}/reservation-settings,App\Modules\Company\Presentation\Controllers\CompanyController,updateReservationSettings,settings.update,,,MIDDLEWARE,
GET|HEAD,/api/v1/companies/{companyId}/pos-settings,App\Modules\Company\Presentation\Controllers\CompanyController,getPOSSettings,,,,AUTH_ONLY,
PUT,/api/v1/companies/{companyId}/receipt-settings,App\Modules\Company\Presentation\Controllers\CompanyController,updateReceiptSettings,settings.update,,formrequest[UpdateReceiptSettingsRequest]:OPEN(returns true),MIDDLEWARE,
POST,/api/v1/fiscal-periods/{id}/reopen,App\Modules\Company\Presentation\Controllers\FiscalPeriodController,reopen,fiscal-periods.reopen,,formrequest[ReopenFiscalPeriodRequest]:OPEN(returns true),MIDDLEWARE,
POST,/api/v1/fiscal-periods/{id}/close,App\Modules\Company\Presentation\Controllers\FiscalPeriodController,close,fiscal-periods.close,,formrequest[CloseFiscalPeriodRequest]:OPEN(returns true),MIDDLEWARE,
GET|HEAD,/api/v1/company/locations,App\Modules\Company\Presentation\Controllers\LocationController,scopedIndex,,,,AUTH_ONLY,
GET|HEAD,/api/v1/company/locations/transaction-destinations,App\Modules\Company\Presentation\Controllers\LocationController,transactionIndex,"any-of(inventory.transfers.create,inventory.transfer,purchase-orders.receive,repositories.manage,document-ingestions.create)",,,MIDDLEWARE,
GET|HEAD,/api/v1/company/locations/all,App\Modules\Company\Presentation\Controllers\LocationController,managementIndex,users.manage_location_access,,,MIDDLEWARE,
GET|HEAD,/api/v1/attachments/config,App\Modules\Media\Presentation\Controllers\DocumentAttachmentController,config,,,,AUTH_ONLY,
GET|HEAD,/api/v1/documents/{document}/attachments,App\Modules\Media\Presentation\Controllers\DocumentAttachmentController,index,documents.view,,,MIDDLEWARE,
POST,/api/v1/documents/{document}/attachments,App\Modules\Media\Presentation\Controllers\DocumentAttachmentController,store,documents.update,,formrequest[UploadDocumentMediaRequest]:OPEN(returns true),MIDDLEWARE,
GET|HEAD,/api/v1/documents/{document}/attachments/{attachment}/download,App\Modules\Media\Presentation\Controllers\DocumentAttachmentController,download,documents.view,,,MIDDLEWARE,
DELETE,/api/v1/documents/{document}/attachments/{attachment},App\Modules\Media\Presentation\Controllers\DocumentAttachmentController,destroy,documents.update,,,MIDDLEWARE,
GET|HEAD,/api/v1/admin/impersonation,App\Modules\SupportAccess\Presentation\Controllers\AdminSupportAccessQueryController,index,,,,SUPERADMIN_ONLY,"role gate: central_admin_role:super_admin,support_approver"
POST,/api/v1/admin/impersonation/requests,App\Modules\SupportAccess\Presentation\Controllers\AdminGrantController,store,,,formrequest[RequestIncidentAccessRequest]:OPEN(returns true),SUPERADMIN_ONLY,role gate: central_admin_role:super_admin
POST,/api/v1/admin/impersonation/requests/{grant}/approve,App\Modules\SupportAccess\Presentation\Controllers\AdminGrantController,approveSecond,,,,SUPERADMIN_ONLY,role gate: central_admin_role:support_approver
POST,/api/v1/admin/impersonation/requests/{grant}/revoke,App\Modules\SupportAccess\Presentation\Controllers\AdminGrantController,revoke,,,formrequest[RevokeGrantRequest]:OPEN(returns true),SUPERADMIN_ONLY,role gate: central_admin_role:super_admin
POST,/api/v1/admin/impersonation/sessions,App\Modules\SupportAccess\Presentation\Controllers\AdminSessionController,store,,,formrequest[StartSessionRequest]:OPEN(returns true),SUPERADMIN_ONLY,role gate: central_admin_role:super_admin
POST,/api/v1/admin/impersonation/sessions/{session}/elevations,App\Modules\SupportAccess\Presentation\Controllers\AdminElevationController,store,,,formrequest[RequestElevationRequest]:OPEN(returns true),SUPERADMIN_ONLY,role gate: central_admin_role:super_admin
POST,/api/v1/admin/impersonation/elevations/{elevation}/approve,App\Modules\SupportAccess\Presentation\Controllers\AdminElevationController,approve,,,formrequest[DecideElevationRequest]:OPEN(returns true),SUPERADMIN_ONLY,role gate: central_admin_role:support_approver
POST,/api/v1/admin/impersonation/elevations/{elevation}/reject,App\Modules\SupportAccess\Presentation\Controllers\AdminElevationController,reject,,,formrequest[RejectElevationRequest]:OPEN(returns true),SUPERADMIN_ONLY,role gate: central_admin_role:support_approver
PATCH,/api/v1/admin/impersonation/tenants/{tenant}/sensitivity,App\Modules\SupportAccess\Presentation\Controllers\AdminTenantSensitivityController,update,,,formrequest[UpdateTenantSensitivityRequest]:OPEN(returns true),SUPERADMIN_ONLY,role gate: central_admin_role:super_admin
POST,/api/v1/support-access/sessions/{session}/exit,App\Modules\SupportAccess\Presentation\Controllers\TenantSessionController,exit,,,,AUTH_ONLY,
GET|HEAD,/api/v1/support-access,App\Modules\SupportAccess\Presentation\Controllers\TenantSupportAccessQueryController,index,support-access.view,,,MIDDLEWARE,
GET|HEAD,/api/v1/support-access/log,App\Modules\SupportAccess\Presentation\Controllers\TenantSupportAccessQueryController,index,support-access.view,,,MIDDLEWARE,
POST,/api/v1/support-access/grants,App\Modules\SupportAccess\Presentation\Controllers\TenantGrantController,store,support-access.manage,,formrequest[CreateSupportWindowRequest]:OPEN(returns true) | service[GrantLifecycleService::createPreGrantedWindow]:support-access.manage,MIDDLEWARE,also has a secondary controller/FormRequest/service-level check (defense in depth)
POST,/api/v1/support-access/requests/{grant}/approve,App\Modules\SupportAccess\Presentation\Controllers\TenantGrantController,approve,support-access.manage,,,MIDDLEWARE,
POST,/api/v1/support-access/requests/{grant}/reject,App\Modules\SupportAccess\Presentation\Controllers\TenantGrantController,reject,support-access.manage,,formrequest[DecideGrantRequest]:OPEN(returns true),MIDDLEWARE,
POST,/api/v1/support-access/grants/{grant}/revoke,App\Modules\SupportAccess\Presentation\Controllers\TenantGrantController,revoke,support-access.manage,,formrequest[RevokeGrantRequest]:OPEN(returns true),MIDDLEWARE,
GET|HEAD,/api/v1/audit/events,App\Modules\Compliance\Presentation\Controllers\AuditController,index,compliance.view_reprint_log,,formrequest[ListAuditEventsRequest]:OPEN(returns true),MIDDLEWARE,
GET|HEAD,/api/v1/audit/anomalies,App\Modules\Compliance\Presentation\Controllers\AuditController,anomalies,compliance.view_reprint_log,,,MIDDLEWARE,
GET|HEAD,/api/v1/imports,App\Modules\Import\Presentation\Controllers\ImportController,index,imports.manage,,,MIDDLEWARE,
POST,/api/v1/imports,App\Modules\Import\Presentation\Controllers\ImportController,store,imports.manage,,controller:accounts.manage,MIDDLEWARE,also has a secondary controller/FormRequest/service-level check (defense in depth)
GET|HEAD,/api/v1/imports/{id},App\Modules\Import\Presentation\Controllers\ImportController,show,imports.manage,,,MIDDLEWARE,
DELETE,/api/v1/imports/{id},App\Modules\Import\Presentation\Controllers\ImportController,destroy,imports.manage,,,MIDDLEWARE,
PATCH,/api/v1/imports/{id}/options,App\Modules\Import\Presentation\Controllers\ImportController,updateOptions,imports.manage,,,MIDDLEWARE,
GET|HEAD,/api/v1/imports/{id}/preview,App\Modules\Import\Presentation\Controllers\ImportController,preview,imports.manage,,,MIDDLEWARE,
GET|HEAD,/api/v1/imports/{id}/errors,App\Modules\Import\Presentation\Controllers\ImportController,errors,imports.manage,,,MIDDLEWARE,
GET|HEAD,/api/v1/imports/{id}/error-summary,App\Modules\Import\Presentation\Controllers\ImportController,errorSummary,imports.manage,,,MIDDLEWARE,
POST,/api/v1/imports/{id}/execute,App\Modules\Import\Presentation\Controllers\ImportController,execute,imports.manage,,controller:accounts.manage,MIDDLEWARE,also has a secondary controller/FormRequest/service-level check (defense in depth)
GET|HEAD,/api/v1/imports/{id}/failed-rows.csv,App\Modules\Import\Presentation\Controllers\ImportController,downloadFailedRows,imports.manage,,,MIDDLEWARE,
GET|HEAD,/api/v1/imports/{id}/source-file,App\Modules\Import\Presentation\Controllers\ImportController,downloadSourceFile,imports.manage,,,MIDDLEWARE,
GET|HEAD,/api/v1/imports/{id}/result-workbook,App\Modules\Import\Presentation\Controllers\ImportController,downloadResultWorkbook,imports.manage,,,MIDDLEWARE,
GET|HEAD,/api/v1/migration-wizard/order,App\Modules\Import\Presentation\Controllers\MigrationWizardController,order,imports.manage,,,MIDDLEWARE,
GET|HEAD,/api/v1/migration-wizard/dependencies/{type},App\Modules\Import\Presentation\Controllers\MigrationWizardController,dependencies,imports.manage,,,MIDDLEWARE,
POST,/api/v1/migration-wizard/suggest-mapping,App\Modules\Import\Presentation\Controllers\MigrationWizardController,suggestMapping,imports.manage,,,MIDDLEWARE,
POST,/api/v1/migration-wizard/parse-headers,App\Modules\Import\Presentation\Controllers\MigrationWizardController,parseHeaders,imports.manage,,,MIDDLEWARE,
GET|HEAD,/api/v1/migration-wizard/template/{type},App\Modules\Import\Presentation\Controllers\MigrationWizardController,template,imports.manage,,,MIDDLEWARE,
GET|HEAD,/api/v1/migration-wizard/status,App\Modules\Import\Presentation\Controllers\MigrationWizardController,status,imports.manage,,,MIDDLEWARE,
GET|HEAD,/api/v1/health,App\Modules\Admin\Presentation\Controllers\MonitoringController,ping,,,,PUBLIC,
POST,/api/v1/webhooks/stripe,App\Modules\Billing\Presentation\Controllers\StripeWebhookController,handle,,,,PUBLIC,webhook route with NO signature-verification middleware visible at the route/group level (may be checked inside the controller — not scanned by this permission-focused sweep)
GET|HEAD,/api/v1/countries,App\Http\Controllers\Api\CountryController,index,,,,PUBLIC,
GET|HEAD,/api/v1/countries/{code},App\Http\Controllers\Api\CountryController,show,,,,PUBLIC,
POST,/api/v1/admin/auth/login,App\Http\Controllers\Api\Admin\SuperAdminAuthController,login,,,,PUBLIC,
POST,/api/v1/admin/auth/logout,App\Http\Controllers\Api\Admin\SuperAdminAuthController,logout,,,,SUPERADMIN_ONLY,role gate: central_admin
GET|HEAD,/api/v1/admin/auth/me,App\Http\Controllers\Api\Admin\SuperAdminAuthController,me,,,,SUPERADMIN_ONLY,role gate: central_admin
GET|HEAD,/api/v1/subscription,App\Http\Controllers\Api\SubscriptionController,show,,,,AUTH_ONLY,
GET|HEAD,/api/v1/company/config,App\Http\Controllers\Api\CompanyConfigController,show,,,,AUTH_ONLY,
GET|HEAD,/api/v1/admin/dashboard,App\Http\Controllers\Api\Admin\SuperAdminController,dashboard,,,,SUPERADMIN_ONLY,role gate: super_admin
GET|HEAD,/api/v1/admin/tenants,App\Http\Controllers\Api\Admin\SuperAdminController,tenants,,,,SUPERADMIN_ONLY,role gate: super_admin
GET|HEAD,/api/v1/admin/tenants/{id},App\Http\Controllers\Api\Admin\SuperAdminController,showTenant,,,,SUPERADMIN_ONLY,role gate: super_admin
GET|HEAD,/api/v1/admin/tenants/{id}/plan-usage,App\Http\Controllers\Api\Admin\SuperAdminController,getTenantPlanUsage,,,,SUPERADMIN_ONLY,role gate: super_admin
POST,/api/v1/admin/tenants/{id}/extend-trial,App\Http\Controllers\Api\Admin\SuperAdminController,extendTrial,,,,SUPERADMIN_ONLY,role gate: super_admin
POST,/api/v1/admin/tenants/{id}/change-plan,App\Http\Controllers\Api\Admin\SuperAdminController,changePlan,,,,SUPERADMIN_ONLY,role gate: super_admin
POST,/api/v1/admin/tenants/{id}/suspend,App\Http\Controllers\Api\Admin\SuperAdminController,suspendTenant,,,,SUPERADMIN_ONLY,role gate: super_admin
POST,/api/v1/admin/tenants/{id}/activate,App\Http\Controllers\Api\Admin\SuperAdminController,activateTenant,,,,SUPERADMIN_ONLY,role gate: super_admin
POST,/api/v1/admin/tenants/{id}/update-extras,App\Http\Controllers\Api\Admin\SuperAdminController,updateExtras,,,,SUPERADMIN_ONLY,role gate: super_admin
GET|HEAD,/api/v1/admin/audit-logs,App\Http\Controllers\Api\Admin\SuperAdminController,auditLogs,,,,SUPERADMIN_ONLY,role gate: super_admin
GET|HEAD,/api/v1/admin/verticals,App\Http\Controllers\Api\Admin\VerticalConfigController,index,,,,SUPERADMIN_ONLY,role gate: super_admin
PUT,/api/v1/admin/verticals/{vertical},App\Http\Controllers\Api\Admin\VerticalConfigController,update,,,,SUPERADMIN_ONLY,role gate: super_admin
GET|HEAD,/api/v1/admin/users,App\Http\Controllers\Api\Admin\SuperAdminController,users,,,,SUPERADMIN_ONLY,role gate: super_admin
GET|HEAD,/api/v1/admin/users/{id},App\Http\Controllers\Api\Admin\SuperAdminController,showUser,,,,SUPERADMIN_ONLY,role gate: super_admin
POST,/api/v1/admin/users/{id}/verify-email,App\Http\Controllers\Api\Admin\SuperAdminController,verifyUserEmail,,,,SUPERADMIN_ONLY,role gate: super_admin
GET|HEAD,/api/v1/admin/monitoring/health,App\Modules\Admin\Presentation\Controllers\MonitoringController,health,,,,SUPERADMIN_ONLY,role gate: super_admin
GET|HEAD,/api/v1/admin/monitoring/system,App\Modules\Admin\Presentation\Controllers\MonitoringController,systemHealth,,,,SUPERADMIN_ONLY,role gate: super_admin
GET|HEAD,/api/v1/admin/monitoring/performance,App\Modules\Admin\Presentation\Controllers\MonitoringController,performance,,,,SUPERADMIN_ONLY,role gate: super_admin
GET|HEAD,/api/v1/admin/monitoring/critical,App\Modules\Admin\Presentation\Controllers\MonitoringController,critical,,,,SUPERADMIN_ONLY,role gate: super_admin
GET|HEAD,/api/v1/admin/monitoring/queues,App\Modules\Admin\Presentation\Controllers\MonitoringController,queues,,,,SUPERADMIN_ONLY,role gate: super_admin
GET|HEAD,/api/v1/admin/monitoring/dashboard,App\Modules\Admin\Presentation\Controllers\MonitoringController,dashboard,,,,SUPERADMIN_ONLY,role gate: super_admin
POST,/api/v1/admin/monitoring/test-sentry,App\Modules\Admin\Presentation\Controllers\MonitoringController,testSentry,,,,SUPERADMIN_ONLY,role gate: super_admin
GET|HEAD,/api/v1/admin/monitoring/tenants,App\Modules\Tenant\Presentation\Controllers\TenantHealthController,index,,,,SUPERADMIN_ONLY,role gate: super_admin
POST,/api/v1/admin/monitoring/failed-jobs/{id}/retry,App\Modules\Admin\Presentation\Controllers\MonitoringController,retryFailedJob,,,,SUPERADMIN_ONLY,role gate: super_admin
DELETE,/api/v1/admin/monitoring/failed-jobs/{id},App\Modules\Admin\Presentation\Controllers\MonitoringController,deleteFailedJob,,,,SUPERADMIN_ONLY,role gate: super_admin
POST,/api/v1/admin/monitoring/failed-jobs/retry-all,App\Modules\Admin\Presentation\Controllers\MonitoringController,retryAllFailedJobs,,,,SUPERADMIN_ONLY,role gate: super_admin
POST,/api/v1/admin/monitoring/failed-jobs/flush,App\Modules\Admin\Presentation\Controllers\MonitoringController,flushFailedJobs,,,,SUPERADMIN_ONLY,role gate: super_admin
GET|HEAD,/api/v1/admin/billing/dashboard,App\Modules\Billing\Presentation\Controllers\AdminBillingController,dashboard,,,,SUPERADMIN_ONLY,role gate: super_admin
GET|HEAD,/api/v1/admin/billing/providers,App\Modules\Billing\Presentation\Controllers\AdminBillingController,providers,,,,SUPERADMIN_ONLY,role gate: super_admin
GET|HEAD,/api/v1/admin/billing/plans,App\Modules\Billing\Presentation\Controllers\AdminBillingController,listPlans,,,,SUPERADMIN_ONLY,role gate: super_admin
GET|HEAD,/api/v1/admin/billing/subscriptions,App\Modules\Billing\Presentation\Controllers\AdminBillingController,listSubscriptions,,,,SUPERADMIN_ONLY,role gate: super_admin
GET|HEAD,/api/v1/admin/billing/subscriptions/{id},App\Modules\Billing\Presentation\Controllers\AdminBillingController,getSubscription,,,,SUPERADMIN_ONLY,role gate: super_admin
PATCH,/api/v1/admin/billing/subscriptions/{id},App\Modules\Billing\Presentation\Controllers\AdminBillingController,updateSubscription,,,,SUPERADMIN_ONLY,role gate: super_admin
GET|HEAD,/api/v1/admin/billing/invoices,App\Modules\Billing\Presentation\Controllers\AdminBillingController,listInvoices,,,,SUPERADMIN_ONLY,role gate: super_admin
POST,/api/v1/admin/billing/invoices,App\Modules\Billing\Presentation\Controllers\AdminBillingController,createInvoice,,,,SUPERADMIN_ONLY,role gate: super_admin
GET|HEAD,/api/v1/admin/billing/invoices/{id},App\Modules\Billing\Presentation\Controllers\AdminBillingController,getInvoice,,,,SUPERADMIN_ONLY,role gate: super_admin
GET|HEAD,/api/v1/admin/billing/invoices/{id}/download,App\Modules\Billing\Presentation\Controllers\AdminBillingController,downloadInvoice,,,,SUPERADMIN_ONLY,role gate: super_admin
GET|HEAD,/api/v1/admin/billing/payments,App\Modules\Billing\Presentation\Controllers\AdminBillingController,listPayments,,,,SUPERADMIN_ONLY,role gate: super_admin
POST,/api/v1/admin/billing/payments,App\Modules\Billing\Presentation\Controllers\AdminBillingController,recordPayment,,,,SUPERADMIN_ONLY,role gate: super_admin
GET|HEAD,/api/v1/admin/billing/payments/{id},App\Modules\Billing\Presentation\Controllers\AdminBillingController,getPayment,,,,SUPERADMIN_ONLY,role gate: super_admin
POST,/api/v1/admin/billing/payments/{id}/refund,App\Modules\Billing\Presentation\Controllers\AdminBillingController,refundPayment,,,,SUPERADMIN_ONLY,role gate: super_admin
